Ligand,Affinity
ligand_1,-6.053
ligand_2,-8.759
ligand_3,-6.093
ligand_4,-8.362
ligand_5,-7.383
ligand_6,-5.82
ligand_7,-6.643
ligand_8,-4.354
ligand_9,-8.071
ligand_10,-7.803
ligand_11,-7.515
ligand_12,-7.303
ligand_13,-7.124
ligand_14,-4.35
ligand_15,-5.269
ligand_16,-8.546
ligand_17,-2.552
ligand_18,-6.693
ligand_19,-8.102
ligand_20,-7.855
ligand_21,-6.122
ligand_22,-8.401
ligand_23,-6.5
ligand_24,-6.141
ligand_25,-5.806
ligand_26,-9.259
ligand_27,-9.098
ligand_28,-7.248
ligand_29,-9.349
ligand_30,-8.432
ligand_31,-8.407
ligand_32,-7.141
ligand_33,-8.444
ligand_34,-9.604
ligand_35,-7.685
ligand_36,-3.604
ligand_37,-6.711
ligand_38,-9.467
ligand_39,-7.158
ligand_40,-6.77
ligand_41,-7.672
ligand_42,-7.661
ligand_43,-7.374
ligand_44,-8.581
ligand_45,-9.46
ligand_46,-6.989
ligand_47,-6.955
ligand_48,-7.358
ligand_49,-8.276
ligand_50,-10.5
ligand_51,-3.224
ligand_52,-7.769
ligand_53,-6.436
ligand_54,-7.445
ligand_55,-8.855
ligand_56,-9.135
ligand_57,-4.713
ligand_58,-6.69
ligand_59,-6.547
ligand_60,-5.711
ligand_61,-8.902
ligand_62,-9.636
ligand_63,-8.753
ligand_64,-8.337
ligand_65,-10.1
ligand_66,-9.622
ligand_67,-0.152
ligand_68,-6.027
ligand_69,-8.377
ligand_70,-7.362
ligand_71,-6.95
ligand_72,-7.76
ligand_73,-8.293
ligand_74,-6.745
ligand_75,-8.045
ligand_76,-7.598
ligand_77,-1.802
ligand_78,-5.867
ligand_79,-9.625
ligand_80,-7.164
ligand_81,-9.165
ligand_82,-8.288
ligand_83,-6.939
ligand_84,-8.287
ligand_85,-8.035
ligand_86,-8.926
ligand_87,-11.45
ligand_88,-8.252
ligand_89,-9.222
ligand_90,-4.5
ligand_91,-8.814
ligand_92,-10.97
ligand_93,-9.427
ligand_94,-4.085
ligand_95,-4.903
ligand_96,-8.293
ligand_97,-6.055
ligand_98,-2.229
ligand_99,-6.79
ligand_100,-7.654
ligand_101,-9.144
ligand_102,-8.901
ligand_103,-9.509
ligand_104,-3.849
ligand_105,-9.914
ligand_106,-5.422
ligand_107,-9.633
ligand_108,-9.434
ligand_109,-5.812
ligand_110,-6.662
ligand_111,-4.718
ligand_112,-10.31
ligand_113,-5.474
ligand_114,-7.914
ligand_115,-6.776
ligand_116,-6.303
ligand_117,-5.305
ligand_118,-6.829
ligand_119,-8.398
ligand_120,-9.603
ligand_121,-5.704
ligand_122,-4.896
ligand_123,-6.667
ligand_124,-9.927
ligand_125,-4.599
ligand_126,-9.759
ligand_127,-6.917
ligand_128,-8.397
ligand_129,-3.38
ligand_130,-8.92
ligand_131,-5.992
ligand_132,-5.921
ligand_133,-8.542
ligand_134,-8.81
ligand_135,-6.513
ligand_136,-8.842
ligand_137,-5.565
ligand_138,-8.045
ligand_139,-5.276
ligand_140,-8.536
ligand_141,-6.522
ligand_142,-7.332
ligand_143,-9.146
ligand_144,-9.35
ligand_145,-8.401
ligand_146,-7.111
ligand_147,-5.037
ligand_148,-6.627
ligand_149,-8.587
ligand_150,-8.436
ligand_151,-7.171
ligand_152,-10.11
ligand_153,-6.678
ligand_154,-8.364
ligand_155,-6.536
ligand_156,-9.913
ligand_157,-6.152
ligand_158,-4.991
ligand_159,-7.184
ligand_160,-6.879
ligand_161,-6.056
ligand_162,-9.901
ligand_163,-8.683
ligand_164,-7.688
ligand_165,-7.095
ligand_166,-6.174
ligand_167,-6.086
ligand_168,-4.892
ligand_169,-4.744
ligand_170,-6.883
ligand_171,-9.491
ligand_172,-8.07
ligand_173,-9.147
ligand_174,-6.666
ligand_175,-4.95
ligand_176,-7.15
ligand_177,-5.806
ligand_178,-6.911
ligand_179,-9.35
ligand_180,-7.63
ligand_181,-5.118
ligand_182,-6.792
ligand_183,-4.158
ligand_184,-9.016
ligand_185,-5.844
ligand_186,-7.137
ligand_187,-3.811
ligand_188,-3.06
ligand_189,-10.83
ligand_190,-6.602
ligand_191,-6.607
ligand_192,-7.006
ligand_193,-6.238
ligand_194,-7.752
ligand_195,-7.373
ligand_196,-6.206
ligand_197,-7.353
ligand_198,-7.39
ligand_199,-7.787
ligand_200,-4.643
ligand_201,-4.857
ligand_202,-5.652
ligand_203,-9.856
ligand_204,-9.401
ligand_205,-9.07
ligand_206,-9.115
ligand_207,-6.009
ligand_208,-7.631
ligand_209,-9.262
ligand_210,-8.719
ligand_211,-9.718
ligand_212,-5.027
ligand_213,-5.745
ligand_214,-6.091
ligand_215,-7.528
ligand_216,-10.76
ligand_217,-10.17
ligand_218,-7.724
ligand_219,-8.008
ligand_220,-2.963
ligand_221,-8.125
ligand_222,-9.761
ligand_223,-3.915
ligand_224,-7.214
ligand_225,-6.533
ligand_226,-6.738
ligand_227,-4.467
ligand_228,-6.095
ligand_229,-9.189
ligand_230,-8.203
ligand_231,-6.1
ligand_232,-8.156
ligand_233,-8.043
ligand_234,-7.543
ligand_235,-9.362
ligand_236,-6.485
ligand_237,-6.325
ligand_238,-7.628
ligand_239,-9.153
ligand_240,-7.783
ligand_241,-7.369
ligand_242,-3.528
ligand_243,-4.974
ligand_244,-9.312
ligand_245,-4.999
ligand_246,-6.556
ligand_247,-9.008
ligand_248,-6.396
ligand_249,-5.058
ligand_250,-9.172
ligand_251,-7.802
ligand_252,-7.467
ligand_253,-9.31
ligand_254,-4.869
ligand_255,-7.05
ligand_256,-7.202
ligand_257,-7.353
ligand_258,-8.071
ligand_259,-6.018
ligand_260,-5.571
ligand_261,-6.718
ligand_262,-7.293
ligand_263,-7.357
ligand_264,-4.959
ligand_265,-7.733
ligand_266,-6.424
ligand_267,-8.449
ligand_268,-4.781
ligand_269,-9.421
ligand_270,-6.857
ligand_271,-8.103
ligand_272,-7.671
ligand_273,-6.028
ligand_274,-8.73
ligand_275,-6.059
ligand_276,-8.885
ligand_277,-8.4
ligand_278,-6.632
ligand_279,-6.447
ligand_280,-8.536
ligand_281,-9.076
ligand_282,-7.124
ligand_283,-6.41
ligand_284,-5.216
ligand_285,-9.258
ligand_286,-9.654
ligand_287,-7.511
ligand_288,-7.043
ligand_289,-7.344
ligand_290,-5.735
ligand_291,-8.175
ligand_292,-6.71
ligand_293,-8.589
ligand_294,-8.824
ligand_295,-8.876
ligand_296,-6.67
ligand_297,-7.144
ligand_298,-9.167
ligand_299,-6.667
ligand_300,-7.069
ligand_301,-7.012
ligand_302,-8.488
ligand_303,-9.446
ligand_304,-7.12
ligand_305,-8.84
ligand_306,-7.09
ligand_307,-8.076
ligand_308,-7.4
ligand_309,-3.34
ligand_310,-9.841
ligand_311,-6.673
ligand_312,-6.035
ligand_313,-7.177
ligand_314,-6.695
ligand_315,-7.573
ligand_316,-8.263
ligand_317,-6.826
ligand_318,-6.279
ligand_319,-9.9
ligand_320,-7.352
ligand_321,-7.016
ligand_322,-6.723
ligand_323,-6.727
ligand_324,-6.71
ligand_325,-6.186
ligand_326,-3.419
ligand_327,-5.907
ligand_328,-5.151
ligand_329,-7.71
ligand_330,-5.886
ligand_331,-8.029
ligand_332,-6.398
ligand_333,-4.767
ligand_334,-6.961
ligand_335,-6.473
ligand_336,-4.952
ligand_337,-8.718
ligand_338,-6.894
ligand_339,-10.21
ligand_340,-6.011
ligand_341,-5.957
ligand_342,-8.872
ligand_343,-8.709
ligand_344,-8.382
ligand_345,-10.15
ligand_346,-8.21
ligand_347,-6.501
ligand_348,-5.06
ligand_349,-5.561
ligand_350,-5.84
ligand_351,-4.464
ligand_352,-6.01
ligand_353,-7.782
ligand_354,-9.363
ligand_355,-7.714
ligand_356,-9.834
ligand_357,-6.445
ligand_358,-6.19
ligand_359,-6.463
ligand_360,-6.961
ligand_361,-6.861
ligand_362,-6.758
ligand_363,-8.17
ligand_364,-9.6
ligand_365,-7.079
ligand_366,-4.197
ligand_367,-6.601
ligand_368,-6.414
ligand_369,-7.739
ligand_370,-6.863
ligand_371,-10.5
ligand_372,-8.429
ligand_373,-4.397
ligand_374,-7.781
ligand_375,-8.797
ligand_376,-9.913
ligand_377,-8.935
ligand_378,-7.255
ligand_379,-8.941
ligand_380,-8.313
ligand_381,-11.2
ligand_382,-10.23
ligand_383,-5.654
ligand_384,-6.439
ligand_385,-6.53
ligand_386,-5.811
ligand_387,-7.227
ligand_388,-8.285
ligand_389,-6.536
ligand_390,-8.97
ligand_391,-7.947
ligand_392,-7.055
ligand_393,-8.106
ligand_394,-6.761
ligand_395,-5.565
ligand_396,-4.487
ligand_397,-7.415
ligand_398,-9.086
ligand_399,-8.412
ligand_400,-6.809
ligand_401,-8.606
ligand_402,-8.7
ligand_403,-9.508
ligand_404,-6.363
ligand_405,-7.909
ligand_406,-9.084
ligand_407,-8.274
ligand_408,-6.682
ligand_409,-7.375
ligand_410,-5.651
ligand_411,-10.63
ligand_412,-6.221
ligand_413,-7.849
ligand_414,-9.222
ligand_415,-8.409
ligand_416,-6.425
ligand_417,-9.424
ligand_418,-8.756
ligand_419,-7.511
ligand_420,-8.635
ligand_421,-4.167
ligand_422,-9.765
ligand_423,-5.603
ligand_424,-6.74
ligand_425,-6.398
ligand_426,-7.95
ligand_427,-8.846
ligand_428,-9.936
ligand_429,-8.963
ligand_430,-9.01
ligand_431,-6.818
ligand_432,-6.332
ligand_433,-5.841
ligand_434,-6.773
ligand_435,-5.595
ligand_436,-5.4
ligand_437,-6.652
ligand_438,-7.554
ligand_439,-7.6
ligand_440,-8.567
ligand_441,-6.22
ligand_442,-4.116
ligand_443,-10.34
ligand_444,-7.218
ligand_445,-6.423
ligand_446,-7.352
ligand_447,-8.499
ligand_448,-5.032
ligand_449,-8.522
ligand_450,-5.864
ligand_451,-8.107
ligand_452,-7.553
ligand_453,-6.425
ligand_454,-7.592
ligand_455,-7.717
ligand_456,-8.953
ligand_457,-6.445
ligand_458,-6.779
ligand_459,-6.419
ligand_460,-7.134
ligand_461,-5.65
ligand_462,-6.525
ligand_463,-10.03
ligand_464,-8.965
ligand_465,-5.717
ligand_466,-8.537
ligand_467,-6.196
ligand_468,-9.166
ligand_469,-10.22
ligand_470,-9.013
ligand_471,-8.341
ligand_472,-8.271
ligand_473,-8.451
ligand_474,-5.987
ligand_475,-7.967
ligand_476,-7.56
ligand_477,-7.515
ligand_478,-6.425
ligand_479,-7.354
ligand_480,-4.389
ligand_481,-8.211
ligand_482,-5.222
ligand_483,-7.357
ligand_484,-5.191
ligand_485,-9.387
ligand_486,-10.82
ligand_487,-5.075
ligand_488,-7.038
ligand_489,-8.477
ligand_490,-6.44
ligand_491,-6.914
ligand_492,-7.251
ligand_493,-5.9
ligand_494,-6.597
ligand_495,-8.191
ligand_496,-7.918
ligand_497,-9.457
ligand_498,-6.436
ligand_499,-5.789
ligand_500,-7.753
ligand_501,-9.267
ligand_502,-6.199
ligand_503,-8.5
ligand_504,-6.378
ligand_505,-7.571
ligand_506,-7.893
ligand_507,-6.91
ligand_508,-8.113
ligand_509,-5.289
ligand_510,-7.727
ligand_511,-8.556
ligand_512,-5.002
ligand_513,-7.082
ligand_514,-6.775
ligand_515,-5.877
ligand_516,-5.597
ligand_517,-7.359
ligand_518,-6.101
ligand_519,-8.715
ligand_520,-7.407
ligand_521,-7.977
ligand_522,-6.385
ligand_523,-6.302
ligand_524,-6.123
ligand_525,-8.982
ligand_526,-6.778
ligand_527,-7.109
ligand_528,-11.33
ligand_529,-7.314
ligand_530,-8.608
ligand_531,-6.339
ligand_532,-7.471
ligand_533,-7.456
ligand_534,-2.515
ligand_535,-3.941
ligand_536,-7.909
ligand_537,-6.143
ligand_538,-9.929
ligand_539,-6.658
ligand_540,-8.912
ligand_541,-9.009
ligand_542,-6.423
ligand_543,-6.27
ligand_544,-8.231
ligand_545,-6.335
ligand_546,-7.809
ligand_547,-5.989
ligand_548,-9.302
ligand_549,-7.591
ligand_550,-6.935
ligand_551,-6.798
ligand_552,-6.377
ligand_553,-7.7
ligand_554,-6.311
ligand_555,-7.334
ligand_556,-9.78
ligand_557,-7.427
ligand_558,-7.428
ligand_559,-6.491
ligand_560,-6.606
ligand_561,-9.505
ligand_562,-6.501
ligand_563,-9.308
ligand_564,-8.863
ligand_565,-7.106
ligand_566,-4.927
ligand_567,-9.68
ligand_568,-6.15
ligand_569,-2.644
ligand_570,-6.997
ligand_571,-5.198
ligand_572,-6
ligand_573,-3.602
ligand_574,-7.774
ligand_575,-7.782
ligand_576,-5.338
ligand_577,-6.006
ligand_578,-3.327
ligand_579,-6.657
ligand_580,-6.697
ligand_581,-8.022
ligand_582,-3.828
ligand_583,-6.001
ligand_584,-8.109
ligand_585,-8.043
ligand_586,-7.458
ligand_587,-8.253
ligand_588,-9.007
ligand_589,-7.109
ligand_590,-9.174
ligand_591,-12.89
ligand_592,-5.945
ligand_593,-9.339
ligand_594,-8.369
ligand_595,-4.386
ligand_596,-8.895
ligand_597,-9.541
ligand_598,-8.098
ligand_599,-6.236
ligand_600,-7.702
ligand_601,-6.042
ligand_602,-8.311
ligand_603,-7.789
ligand_604,-5.893
ligand_605,-7.523
ligand_606,-6.871
ligand_607,-6.5
ligand_608,-6.718
ligand_609,-7.341
ligand_610,-7.656
ligand_611,-7.646
ligand_612,-5.682
ligand_613,-8.45
ligand_614,-8.415
ligand_615,-10.05
ligand_616,-5.148
ligand_617,-7.987
ligand_618,-5.952
ligand_619,-8.25
ligand_620,-4.957
ligand_621,-5.895
ligand_622,-6.184
ligand_623,-6.858
ligand_624,-6.805
ligand_625,-10.12
ligand_626,-9.99
ligand_627,-8.878
ligand_628,-8.303
ligand_629,-4.331
ligand_630,-4.837
ligand_631,-9.92
ligand_632,-9.002
ligand_633,-7.495
ligand_634,-8.185
ligand_635,-8.459
ligand_636,-9.04
ligand_637,-7.318
ligand_638,-6.144
ligand_639,-8.802
ligand_640,-5.716
ligand_641,-8.712
ligand_642,-8.551
ligand_643,-6.676
ligand_644,-3.285
ligand_645,-7.137
ligand_646,-5.511
ligand_647,-5.155
ligand_648,-8.566
ligand_649,-9.164
ligand_650,-9.371
ligand_651,-4.797
ligand_652,-6.303
ligand_653,-4.655
ligand_654,-3.956
ligand_655,-8.565
ligand_656,-6.774
ligand_657,-7.597
ligand_658,-6.938
ligand_659,-6.595
ligand_660,-10.73
ligand_661,-7.21
ligand_662,-8.591
ligand_663,-4.152
ligand_664,-8.521
ligand_665,-7.603
ligand_666,-5.828
ligand_667,-6.988
ligand_668,-8.121
ligand_669,-6.008
ligand_670,-6.608
ligand_671,-6.742
ligand_672,-5.706
ligand_673,-8.16
ligand_674,-6.56
ligand_675,-8.266
ligand_676,-8.682
ligand_677,-10.65
ligand_678,-9.458
ligand_679,-9.67
ligand_680,-7.424
ligand_681,-4.656
ligand_682,-4.013
ligand_683,-7.321
ligand_684,-8.291
ligand_685,-7.891
ligand_686,-6.03
ligand_687,-8.058
ligand_688,-6.364
ligand_689,-7.942
ligand_690,-6.576
ligand_691,-6.151
ligand_692,-7.958
ligand_693,-5.78
ligand_694,-10.3
ligand_695,-8.15
ligand_696,-9.008
ligand_697,-7.711
ligand_698,-9.701
ligand_699,-7.447
ligand_700,-10.17
ligand_701,-8.572
ligand_702,-8.726
ligand_703,-8.612
ligand_704,-6.498
ligand_705,-8.914
ligand_706,-5.7
ligand_707,-6.606
ligand_708,-7.571
ligand_709,-7.762
ligand_710,-3.628
ligand_711,-5.88
ligand_712,-5.719
ligand_713,-3.859
ligand_714,-7.705
ligand_715,-8.747
ligand_716,-7.51
ligand_717,-4.702
ligand_718,-7.162
ligand_719,-4.422
ligand_720,-7.63
ligand_721,-7.19
ligand_722,-4.328
ligand_723,-8.577
ligand_724,-6.308
ligand_725,-4.858
ligand_726,-8.718
ligand_727,-6.76
ligand_728,-7.358
ligand_729,-8.232
ligand_730,-6.466
ligand_731,-5.902
ligand_732,-6.274
ligand_733,-7.352
ligand_734,-6.287
ligand_735,-9.601
ligand_736,-8.826
ligand_737,-7.324
ligand_738,-9.202
ligand_739,-6.642
ligand_740,-9.726
ligand_741,-6.263
ligand_742,-7.424
ligand_743,-7.505
ligand_744,-9.168
ligand_745,-8.703
ligand_746,-5.272
ligand_747,-8.527
ligand_748,-9.268
ligand_749,-7.356
ligand_750,-8.477
ligand_751,-8.907
ligand_752,-9.069
ligand_753,-6.265
ligand_754,-4.532
ligand_755,-7.101
ligand_756,-3.143
ligand_757,-6.679
ligand_758,-6.525
ligand_759,-7.24
ligand_760,-6.044
ligand_761,-5.38
ligand_762,-5.499
ligand_763,-7.66
ligand_764,-7.933
ligand_765,-5.763
ligand_766,-7.555
ligand_767,-6.325
ligand_768,-7.343
ligand_769,-7.003
ligand_770,-9.384
ligand_771,-5.751
ligand_772,-7.758
ligand_773,-5.149
ligand_774,-7.727
ligand_775,-8.223
ligand_776,-7.409
ligand_777,-6.709
ligand_778,-5.159
ligand_779,-6.64
ligand_780,-10.54
ligand_781,-5.38
ligand_782,-6.731
ligand_783,-8.95
ligand_784,-6.057
ligand_785,-8.681
ligand_786,-4.514
ligand_787,-6.974
ligand_788,-9.754
ligand_789,-8.03
ligand_790,-7.742
ligand_791,-8.577
ligand_792,-10.87
ligand_793,-6.609
ligand_794,-6.968
ligand_795,-6.442
ligand_796,-8.601
ligand_797,-8.77
ligand_798,-6.087
ligand_799,-9.221
ligand_800,-5.286
ligand_801,-9.365
ligand_802,-7.971
ligand_803,-4.425
ligand_804,-8.144
ligand_805,-6.89
ligand_806,-7.06
ligand_807,-7.211
ligand_808,-5.946
ligand_809,-8.828
ligand_810,-6.02
ligand_811,-6.343
ligand_812,-6.943
ligand_813,-7.599
ligand_814,-9.646
ligand_815,-4.788
ligand_816,-5.328
ligand_817,-6.792
ligand_818,-7.901
ligand_819,-8.381
ligand_820,-9.174
ligand_821,-6.879
ligand_822,-6.945
ligand_823,-6.06
ligand_824,-5.148
ligand_825,-7.04
ligand_826,-10.13
ligand_827,-7.247
ligand_828,-8.25
ligand_829,-6.163
ligand_830,-7.604
ligand_831,-3.456
ligand_832,-7.84
ligand_833,-7.18
ligand_834,-6.604
ligand_835,-6.143
ligand_836,-6.203
ligand_837,-3.93
ligand_838,-6.045
ligand_839,-8.206
ligand_840,-5.864
ligand_841,-5.248
ligand_842,-4.673
ligand_843,-7.994
ligand_844,-6.309
ligand_845,-8.054
ligand_846,-9.244
ligand_847,-7.384
ligand_848,-9.032
ligand_849,-9.07
ligand_850,-5.565
ligand_851,-6.838
ligand_852,-6.322
ligand_853,-8.499
ligand_854,-7.165
ligand_855,-8.267
ligand_856,-9.183
ligand_857,-8.914
ligand_858,-9.101
ligand_859,-6.815
ligand_860,-8.867
ligand_861,-6.234
ligand_862,-6.815
ligand_863,-9.224
ligand_864,-8.541
ligand_865,-9.131
ligand_866,-6.333
ligand_867,-8.37
ligand_868,-6.267
ligand_869,-7.726
ligand_870,-6.989
ligand_871,-7.565
ligand_872,-6.423
ligand_873,-7.019
ligand_874,-4.754
ligand_875,-6.266
ligand_876,-8.361
ligand_877,-3.87
ligand_878,-9.072
ligand_879,-7.141
ligand_880,-8.858
ligand_881,-8.859
ligand_882,-6.429
ligand_883,-8.356
ligand_884,-5.179
ligand_885,-6.066
ligand_886,-9.969
ligand_887,-6.226
ligand_888,-5.88
ligand_889,-8.356
ligand_890,-7.166
ligand_891,-6.055
ligand_892,-3.95
ligand_893,-6.085
ligand_894,-5.471
ligand_895,-5.942
ligand_896,-8.14
ligand_897,-6.831
ligand_898,-6.664
ligand_899,-7.19
ligand_900,-5.602
ligand_901,-6.913
ligand_902,-9.201
ligand_903,-5.225
ligand_904,-7.78
ligand_905,-5.521
ligand_906,-6.342
ligand_907,-8.28
ligand_908,-7.254
ligand_909,-5.986
ligand_910,-8.556
ligand_911,-9.381
ligand_912,-9.764
ligand_913,-7.189
ligand_914,-8.791
ligand_915,-6.769
ligand_916,-6.839
ligand_917,-4.809
ligand_918,-8.547
ligand_919,-7.431
ligand_920,-7.48
ligand_921,-6.051
ligand_922,-7.691
ligand_923,-5.741
ligand_924,-9.161
ligand_925,-7.67
ligand_926,-6.445
ligand_927,-8.401
ligand_928,-8.081
ligand_929,-9.169
ligand_930,-9.37
ligand_931,-6.86
ligand_932,-8.429
ligand_933,-6.567
ligand_934,-4.702
ligand_935,-6.511
ligand_936,-5.8
ligand_937,-7.995
ligand_938,-6.482
ligand_939,-6.502
ligand_940,-9.471
ligand_941,-8.584
ligand_942,-4.834
ligand_943,-3.452
ligand_944,-6.199
ligand_945,-7.513
ligand_946,-10.06
ligand_947,-5.507
ligand_948,-4.72
ligand_949,-4.746
ligand_950,-8.504
ligand_951,-8.654
ligand_952,-8.492
ligand_953,-6.728
ligand_954,-4.591
ligand_955,-3.88
ligand_956,-5.08
ligand_957,-8.745
ligand_958,-7.999
ligand_959,-7.702
ligand_960,-4.637
ligand_961,-6.069
ligand_962,-8.303
ligand_963,-6.641
ligand_964,-8.718
ligand_965,-6.242
ligand_966,-8.16
ligand_967,-6.545
ligand_968,-6.935
ligand_969,-8.846
ligand_970,-6.981
ligand_971,-6.87
ligand_972,-7.236
ligand_973,-11.44
ligand_974,-7.872
ligand_975,-8.879
ligand_976,-9.825
ligand_977,-5.631
ligand_978,-7.101
ligand_979,-7.37
ligand_980,-8.673
ligand_981,-6.445
ligand_982,-5.91
ligand_983,-6.814
ligand_984,-9.774
ligand_985,-9.436
ligand_986,-7.226
ligand_987,-7.965
ligand_988,-7.683
ligand_989,-4.914
ligand_990,-6.355
ligand_991,-5.553
ligand_992,-4.408
ligand_993,-8.662
ligand_994,-7.395
ligand_995,-8.141
ligand_996,-7.361
ligand_997,-9.637
ligand_998,-4.639
ligand_999,-7.041
ligand_1000,-6.537
ligand_1001,-6.972
ligand_1002,-7.989
ligand_1003,-6.13
ligand_1004,-7.87
ligand_1005,-7.61
ligand_1006,-6.392
ligand_1007,-5.687
ligand_1008,-7.473
ligand_1009,-10.72
ligand_1010,-10.89
ligand_1011,-6.654
ligand_1012,-7.51
ligand_1013,-9.844
ligand_1014,-7.523
ligand_1015,-5.914
ligand_1016,-10.6
ligand_1017,-6.21
ligand_1018,-7.708
ligand_1019,-8.043
ligand_1020,-8.761
ligand_1021,-5.935
ligand_1022,-8.253
ligand_1023,-4.575
ligand_1024,-6.981
ligand_1025,-8.688
ligand_1026,-8.127
ligand_1027,-6.288
ligand_1028,-9.039
ligand_1029,-9.373
ligand_1030,-9.259
ligand_1031,-5.986
ligand_1032,-8.386
ligand_1033,-5.518
ligand_1034,-6.258
ligand_1035,-8.012
ligand_1036,-8.622
ligand_1037,-7.421
ligand_1038,-6.815
ligand_1039,-6.416
ligand_1040,-7.795
ligand_1041,-6.802
ligand_1042,-7.19
ligand_1043,-8.187
ligand_1044,-7.651
ligand_1045,-8.049
ligand_1046,-6.302
ligand_1047,-7.394
ligand_1048,-6.475
ligand_1049,-5.521
ligand_1050,-5.712
ligand_1051,-7.66
ligand_1052,-7.493
ligand_1053,-6.441
ligand_1054,-10.03
ligand_1055,-6.238
ligand_1056,-7.788
ligand_1057,-8.561
ligand_1058,-4.854
ligand_1059,-6.414
ligand_1060,-9.968
ligand_1061,-6.349
ligand_1062,-8.558
ligand_1063,-6.597
ligand_1064,-9.378
ligand_1065,-4.622
ligand_1066,-2.557
ligand_1067,-6.766
ligand_1068,-6.178
ligand_1069,-7.805
ligand_1070,-6.532
ligand_1071,-8.214
ligand_1072,-6.753
ligand_1073,-7.506
ligand_1074,-7.428
ligand_1075,-8.979
ligand_1076,-8.429
ligand_1077,-8.631
ligand_1078,-6.6
ligand_1079,-5.694
ligand_1080,-9.001
ligand_1081,-8.243
ligand_1082,-7.71
ligand_1083,-8.429
ligand_1084,-9.28
ligand_1085,-10.19
ligand_1086,-6.12
ligand_1087,-6.856
ligand_1088,-7.841
ligand_1089,-9.164
ligand_1090,-5.567
ligand_1091,-5.601
ligand_1092,-5.144
ligand_1093,-8.926
ligand_1094,-8.083
ligand_1095,-3.683
ligand_1096,-6.857
ligand_1097,-9.597
ligand_1098,-7.078
ligand_1099,-10.47
ligand_1100,-7.954
ligand_1101,-9.59
ligand_1102,-5.313
ligand_1103,-6.495
ligand_1104,-5.953
ligand_1105,-6.216
ligand_1106,-8.017
ligand_1107,-5.707
ligand_1108,-6.095
ligand_1109,-9.03
ligand_1110,-7.823
ligand_1111,-7.434
ligand_1112,-6.281
ligand_1113,-7.7
ligand_1114,-3.075
ligand_1115,-5.555
ligand_1116,-6.342
ligand_1117,-5.817
ligand_1118,-3.272
ligand_1119,-4.456
ligand_1120,-7.326
ligand_1121,-6.153
ligand_1122,-6.62
ligand_1123,-7.33
ligand_1124,-9.252
ligand_1125,-6.464
ligand_1126,-6.168
ligand_1127,-6.216
ligand_1128,-9.454
ligand_1129,-4.994
ligand_1130,-6.589
ligand_1131,-5.875
ligand_1132,-6.351
ligand_1133,-5.102
ligand_1134,-8.169
ligand_1135,-6.404
ligand_1136,-7.239
ligand_1137,-8.272
ligand_1138,-5.651
ligand_1139,-8.508
ligand_1140,-8.846
ligand_1141,-6.566
ligand_1142,-9.044
ligand_1143,-4.982
ligand_1144,-4.479
ligand_1145,-5.354
ligand_1146,-6.493
ligand_1147,-7.716
ligand_1148,-7.194
ligand_1149,-6.084
ligand_1150,-8.442
ligand_1151,-7.666
ligand_1152,-9.746
ligand_1153,-2.632
ligand_1154,-7.471
ligand_1155,-6.303
ligand_1156,-8.054
ligand_1157,-7.525
ligand_1158,-5.538
ligand_1159,-7.094
ligand_1160,-5.107
ligand_1161,-8.619
ligand_1162,-8.535
ligand_1163,-6.098
ligand_1164,-8.896
ligand_1165,-10.53
ligand_1166,-8.909
ligand_1167,-6.182
ligand_1168,-7.277
ligand_1169,-8.408
ligand_1170,-6.257
ligand_1171,-7.273
ligand_1172,-10.03
ligand_1173,-5.689
ligand_1174,-7.255
ligand_1175,-7
ligand_1176,-6.581
ligand_1177,-8.858
ligand_1178,-8.393
ligand_1179,-7.901
ligand_1180,-6.808
ligand_1181,-6.057
ligand_1182,-6.023
ligand_1183,-7.453
ligand_1184,-8.682
ligand_1185,-9.738
ligand_1186,-8.716
ligand_1187,-7.438
ligand_1188,-5.68
ligand_1189,-6.451
ligand_1190,-7.6
ligand_1191,-8.152
ligand_1192,-4.419
ligand_1193,-10.39
ligand_1194,-6.353
ligand_1195,-9.098
ligand_1196,-6.327
ligand_1197,-6.629
ligand_1198,-6.607
ligand_1199,-7.269
ligand_1200,-8.399
ligand_1201,-6.087
ligand_1202,-8.388
ligand_1203,-5.774
ligand_1204,-8.495
ligand_1205,-6.402
ligand_1206,-7.821
ligand_1207,-6.631
ligand_1208,-8.625
ligand_1209,-7.128
ligand_1210,-6.474
ligand_1211,-5.426
ligand_1212,-8.974
ligand_1213,-6.919
ligand_1214,-10.57
ligand_1215,-7.116
ligand_1216,-5.635
ligand_1217,-7.788
ligand_1218,-9.476
ligand_1219,-6.166
ligand_1220,-7.291
ligand_1221,-9.663
ligand_1222,-4.542
ligand_1223,-6.46
ligand_1224,-8.066
ligand_1225,-8.174
ligand_1226,-5.837
ligand_1227,-6.848
ligand_1228,-5.912
ligand_1229,-8.594
ligand_1230,-9.016
ligand_1231,-4.463
ligand_1232,-5.981
ligand_1233,-7.964
ligand_1234,-6.983
ligand_1235,-8.019
ligand_1236,-8.931
ligand_1237,-9.564
ligand_1238,-5.235
ligand_1239,-8.727
ligand_1240,-6.133
ligand_1241,-7.25
ligand_1242,-5.708
ligand_1243,-10.01
ligand_1244,-8.887
ligand_1245,-6.631
ligand_1246,-6.418
ligand_1247,-9.539
ligand_1248,-6.615
ligand_1249,-4.496
ligand_1250,-8.59
ligand_1251,-8.952
ligand_1252,-6.755
ligand_1253,-7.999
ligand_1254,-7.278
ligand_1255,-7.099
ligand_1256,-5.949
ligand_1257,-9.535
ligand_1258,-8.871
ligand_1259,-8.482
ligand_1260,-6.256
ligand_1261,-5.721
ligand_1262,-6.119
ligand_1263,-8.406
ligand_1264,-8.756
ligand_1265,-5.781
ligand_1266,-5.983
ligand_1267,-7.996
ligand_1268,-8.94
ligand_1269,-10.62
ligand_1270,-8.647
ligand_1271,-8.029
ligand_1272,-6.224
ligand_1273,-7.26
ligand_1274,-5.895
ligand_1275,-6.07
ligand_1276,-6.556
ligand_1277,-4.425
ligand_1278,-6.203
ligand_1279,-8.584
ligand_1280,-9.727
ligand_1281,-6.182
ligand_1282,-6.5
ligand_1283,-7.477
ligand_1284,-7.669
ligand_1285,-8.873
ligand_1286,-5.913
ligand_1287,-8.651
ligand_1288,-8.53
ligand_1289,-7.621
ligand_1290,-9.042
ligand_1291,-6.114
ligand_1292,-5.741
ligand_1293,-8.073
ligand_1294,-7.618
ligand_1295,-7.705
ligand_1296,-6.435
ligand_1297,-6.598
ligand_1298,-9.771
ligand_1299,-6.029
ligand_1300,-9.366
ligand_1301,-7.478
ligand_1302,-5.713
ligand_1303,-6.415
ligand_1304,-7.186
ligand_1305,-7.473
ligand_1306,-6.266
ligand_1307,-6.162
ligand_1308,-6.125
ligand_1309,-6.177
ligand_1310,-7.627
ligand_1311,-5.993
ligand_1312,-5.829
ligand_1313,-8.849
ligand_1314,-8.45
ligand_1315,-6.702
ligand_1316,-5.258
ligand_1317,-5.786
ligand_1318,-3.443
ligand_1319,-8.482
ligand_1320,-3.82
ligand_1321,-6.444
ligand_1322,-3.249
ligand_1323,-5.749
ligand_1324,-3.76
ligand_1325,-5.69
ligand_1326,-9.082
ligand_1327,-9.056
ligand_1328,-4.176
ligand_1329,-8.846
ligand_1330,-7.369
ligand_1331,-6.629
ligand_1332,-6.351
ligand_1333,-5.038
ligand_1334,-3.993
ligand_1335,-4.758
ligand_1336,-8.36
ligand_1337,-9.302
ligand_1338,-4.446
ligand_1339,-6.44
ligand_1340,-6.61
ligand_1341,-6.572
ligand_1342,-8.002
ligand_1343,-9.026
ligand_1344,-8.016
ligand_1345,-7.213
ligand_1346,-7.329
ligand_1347,-6.648
ligand_1348,-8.526
ligand_1349,-6.878
ligand_1350,-8.305
ligand_1351,-6.254
ligand_1352,-6.77
ligand_1353,-6.026
ligand_1354,-10.07
ligand_1355,-9.742
ligand_1356,-7.904
ligand_1357,-6.936
ligand_1358,-7.989
ligand_1359,-10.1
ligand_1360,-5.767
ligand_1361,-8.535
ligand_1362,-10.01
ligand_1363,-5.948
ligand_1364,-10.03
ligand_1365,-7.369
ligand_1366,-9.234
ligand_1367,-7.228
ligand_1368,-5.798
ligand_1369,-7.162
ligand_1370,-7.204
ligand_1371,-4.91
ligand_1372,-5.929
ligand_1373,-7.879
ligand_1374,-5.687
ligand_1375,-7.663
ligand_1376,-6.757
ligand_1377,-6.622
ligand_1378,-5.786
ligand_1379,-6.535
ligand_1380,-8.063
ligand_1381,-6.875
ligand_1382,-9.084
ligand_1383,-5.585
ligand_1384,-4.316
ligand_1385,-4.109
ligand_1386,-6.153
ligand_1387,-6.876
ligand_1388,-6.242
ligand_1389,-7.95
ligand_1390,-8.048
ligand_1391,-5.875
ligand_1392,-6.142
ligand_1393,-5.624
ligand_1394,-6.379
ligand_1395,-9.34
ligand_1396,-6.019
ligand_1397,-6.397
ligand_1398,-8.252
ligand_1399,-4.117
ligand_1400,-8.123
ligand_1401,-6.543
ligand_1402,-7.707
ligand_1403,-6.234
ligand_1404,-6.749
ligand_1405,-3.542
ligand_1406,-7.722
ligand_1407,-7.826
ligand_1408,-6.322
ligand_1409,-5.778
ligand_1410,-6.096
ligand_1411,-4.255
ligand_1412,-10.1
ligand_1413,-6.209
ligand_1414,-7.028
ligand_1415,-9.457
ligand_1416,-9.362
ligand_1417,-6.934
ligand_1418,-7.951
ligand_1419,-6.936
ligand_1420,-7.299
ligand_1421,-6.989
ligand_1422,-8.915
ligand_1423,-9.779
ligand_1424,-6.822
ligand_1425,-7.249
ligand_1426,-4.817
ligand_1427,-6.734
ligand_1428,-6.544
ligand_1429,-7.251
ligand_1430,-4.074
ligand_1431,-9.59
ligand_1432,-6.489
ligand_1433,-7.982
ligand_1434,-6.044
ligand_1435,-6.776
ligand_1436,-7.036
ligand_1437,-8.651
ligand_1438,-6.759
ligand_1439,-5.69
ligand_1440,-6.827
ligand_1441,-8.958
ligand_1442,-8.566
ligand_1443,-6.133
ligand_1444,-9.49
ligand_1445,-6.864
ligand_1446,-5.902
ligand_1447,-6.654
ligand_1448,-8.812
ligand_1449,-6.099
ligand_1450,-6.319
ligand_1451,-6.742
ligand_1452,-5.299
ligand_1453,-6.479
ligand_1454,-4.071
ligand_1455,-5.579
ligand_1456,-8.111
ligand_1457,-7.055
ligand_1458,-7.779
ligand_1459,-8.8
ligand_1460,-7.383
ligand_1461,-7.039
ligand_1462,-9.644
ligand_1463,-7.305
ligand_1464,-8.693
ligand_1465,-6.512
ligand_1466,-5.226
ligand_1467,-8.377
ligand_1468,-8.128
ligand_1469,-4.213
ligand_1470,-6.394
ligand_1471,-6.466
ligand_1472,-5.248
ligand_1473,-6.765
ligand_1474,-7.975
ligand_1475,-6.698
ligand_1476,-6.876
ligand_1477,-6.553
ligand_1478,-8.713
ligand_1479,-7.339
ligand_1480,-6.836
ligand_1481,-8.451
ligand_1482,-8.739
ligand_1483,-8.416
ligand_1484,-7.715
ligand_1485,-7.385
ligand_1486,-6.515
ligand_1487,-8.257
ligand_1488,-9.179
ligand_1489,-9.01
ligand_1490,-8.427
ligand_1491,-8.28
ligand_1492,-7.202
ligand_1493,-3.319
ligand_1494,-7.004
ligand_1495,-8.583
ligand_1496,-6.725
ligand_1497,-6.505
ligand_1498,-6.122
ligand_1499,-6.217
ligand_1500,-5.247
ligand_1501,-5.294
ligand_1502,-8.811
ligand_1503,-9.492
ligand_1504,-3.028
ligand_1505,-9.334
ligand_1506,-9.588
ligand_1507,-7.263
ligand_1508,-5.517
ligand_1509,-11.81
ligand_1510,-4.234
ligand_1511,-5.447
ligand_1512,-6.195
ligand_1513,-7.98
ligand_1514,-8.367
ligand_1515,-5.984
ligand_1516,-5.739
ligand_1517,-5.755
ligand_1518,-8.031
ligand_1519,-4.395
ligand_1520,-7.203
ligand_1521,-4.912
ligand_1522,-7.879
ligand_1523,-4.745
ligand_1524,-7.647
ligand_1525,-6.141
ligand_1526,-7.841
ligand_1527,-3.054
ligand_1528,-8.514
ligand_1529,-5.784
ligand_1530,-8.567
ligand_1531,-9.791
ligand_1532,-5.158
ligand_1533,-8.834
ligand_1534,-6.371
ligand_1535,-6.656
ligand_1536,-8.761
ligand_1537,-7.078
ligand_1538,-8.529
ligand_1539,-7.803
ligand_1540,-6.546
ligand_1541,-7.78
ligand_1542,-10.51
ligand_1543,-7.481
ligand_1544,-7.008
ligand_1545,-9.504
ligand_1546,-7.669
ligand_1547,-6.334
ligand_1548,-8.446
ligand_1549,-8.577
ligand_1550,-8.622
ligand_1551,-6.999
ligand_1552,-8.998
ligand_1553,-7.496
ligand_1554,-8.686
ligand_1555,-6.284
ligand_1556,-6.63
ligand_1557,-9.434
ligand_1558,-7.593
ligand_1559,-8.054
ligand_1560,-8.539
ligand_1561,-9.469
ligand_1562,-5.15
ligand_1563,-5.539
ligand_1564,-5.577
ligand_1565,-5.83
ligand_1566,-8.123
ligand_1567,-9.427
ligand_1568,-6.859
ligand_1569,-6.871
ligand_1570,-6.112
ligand_1571,-8.778
ligand_1572,-8.641
ligand_1573,-8.388
ligand_1574,-10.1
ligand_1575,-7.146
ligand_1576,-7.36
ligand_1577,-8.174
ligand_1578,-5.715
ligand_1579,-4.024
ligand_1580,-8.12
ligand_1581,-5.234
ligand_1582,-5.522
ligand_1583,-4.043
ligand_1584,-7.043
ligand_1585,-6.179
ligand_1586,-8.343
ligand_1587,-6.505
ligand_1588,-4.188
ligand_1589,-6.717
ligand_1590,-7.377
ligand_1591,-7.187
ligand_1592,-6.162
ligand_1593,-6.422
ligand_1594,-6.591
ligand_1595,-9.424
ligand_1596,-7.822
ligand_1597,-9.423
ligand_1598,-7.488
ligand_1599,-4.095
ligand_1600,-6.973
ligand_1601,-9.404
ligand_1602,-7.552
ligand_1603,-8.514
ligand_1604,-9.354
ligand_1605,-8.579
ligand_1606,-8.907
ligand_1607,-10.15
ligand_1608,-7.58
ligand_1609,-7.172
ligand_1610,-6.139
ligand_1611,-7.434
ligand_1612,-7.191
ligand_1613,-8.065
ligand_1614,-8.254
ligand_1615,-9.161
ligand_1616,-7.738
ligand_1617,-8.709
ligand_1618,-9.813
ligand_1619,-6.402
ligand_1620,-7.293
ligand_1621,-9.178
ligand_1622,-6.742
ligand_1623,-3.69
ligand_1624,-9.43
ligand_1625,-3.596
ligand_1626,-6.755
ligand_1627,-5.582
ligand_1628,-5.689
ligand_1629,-6.969
ligand_1630,-8.264
ligand_1631,-6.986
ligand_1632,-6.379
ligand_1633,-6.186
ligand_1634,-6.068
ligand_1635,-5.975
ligand_1636,-8.673
ligand_1637,-11.34
ligand_1638,-6.826
ligand_1639,-7.447
ligand_1640,-6.065
ligand_1641,-5.801
ligand_1642,-7.09
ligand_1643,-5.834
ligand_1644,-7.228
ligand_1645,-6.352
ligand_1646,-7.761
ligand_1647,-6.97
ligand_1648,-5.357
ligand_1649,-6.29
ligand_1650,-5.943
ligand_1651,-7.244
ligand_1652,-9.035
ligand_1653,-7.054
ligand_1654,-8.571
ligand_1655,-6.054
ligand_1656,-3.392
ligand_1657,-8.754
ligand_1658,-9.527
ligand_1659,-7.392
ligand_1660,-6.295
ligand_1661,-3.831
ligand_1662,-6.764
ligand_1663,-8.855
ligand_1664,-7.265
ligand_1665,-7.674
ligand_1666,-7.195
ligand_1667,-6.066
ligand_1668,-6.819
ligand_1669,-9.494
ligand_1670,-7.98
ligand_1671,-7.32
ligand_1672,-9.111
ligand_1673,-5.388
ligand_1674,-3.672
ligand_1675,-7.525
ligand_1676,-6.874
ligand_1677,-6.704
ligand_1678,-6.245
ligand_1679,-7.927
ligand_1680,-7.028
ligand_1681,-8.317
ligand_1682,-5.819
ligand_1683,-6.889
ligand_1684,-4.795
ligand_1685,-7.572
ligand_1686,-5.778
ligand_1687,-4.546
ligand_1688,-7.544
ligand_1689,-9.211
ligand_1690,-6.728
ligand_1691,-6.922
ligand_1692,-7.525
ligand_1693,-5.806
ligand_1694,-1.752
ligand_1695,-6.994
ligand_1696,-4.173
ligand_1697,-6.036
ligand_1698,-6.01
ligand_1699,-6.006
ligand_1700,-8.521
ligand_1701,-6.358
ligand_1702,-6.935
ligand_1703,-6.62
ligand_1704,-7.784
ligand_1705,-9.021
ligand_1706,-6.559
ligand_1707,-6.816
ligand_1708,-7.869
ligand_1709,-7.276
ligand_1710,-10.42
ligand_1711,-6.488
ligand_1712,-8.054
ligand_1713,-6.981
ligand_1714,-5.935
ligand_1715,-8.828
ligand_1716,-9.176
ligand_1717,-5.66
ligand_1718,-7.816
ligand_1719,-7.555
ligand_1720,-3.527
ligand_1721,-4.994
ligand_1722,-6.206
ligand_1723,-6.431
ligand_1724,-8.784
ligand_1725,-6.436
ligand_1726,-5.468
ligand_1727,-8.657
ligand_1728,-7.933
ligand_1729,-6.874
ligand_1730,-8.584
ligand_1731,-8.063
ligand_1732,-8.833
ligand_1733,-6.827
ligand_1734,-5.621
ligand_1735,-10.16
ligand_1736,-8.169
ligand_1737,-8.876
ligand_1738,-9.523
ligand_1739,-6.898
ligand_1740,-6.253
ligand_1741,-7.042
ligand_1742,-6.107
ligand_1743,-6.267
ligand_1744,-5.963
ligand_1745,-9.236
ligand_1746,-5.697
ligand_1747,-5.818
ligand_1748,-6.115
ligand_1749,-6.019
ligand_1750,-7.098
ligand_1751,-7.06
ligand_1752,-7.062
ligand_1753,-7.658
ligand_1754,-5.71
ligand_1755,-8.546
ligand_1756,-6.322
ligand_1757,-8.76
ligand_1758,-7.68
ligand_1759,-7.283
ligand_1760,-6.944
ligand_1761,-8.724
ligand_1762,-6.932
ligand_1763,-10.43
ligand_1764,-6.963
ligand_1765,-9.625
ligand_1766,-7.636
ligand_1767,-6.686
ligand_1768,-7.526
ligand_1769,-6.307
ligand_1770,-8.84
ligand_1771,-9.049
ligand_1772,-8.245
ligand_1773,-5.692
ligand_1774,-7.213
ligand_1775,-6.227
ligand_1776,-7.762
ligand_1777,-5.923
ligand_1778,-5.506
ligand_1779,-6.167
ligand_1780,-6.142
ligand_1781,-5.932
ligand_1782,-7.19
ligand_1783,-5.361
ligand_1784,-9.103
ligand_1785,-7.097
ligand_1786,-4.819
ligand_1787,-8.303
ligand_1788,-9.615
ligand_1789,-6.183
ligand_1790,-6.395
ligand_1791,-7.457
ligand_1792,-7.236
ligand_1793,-9.757
ligand_1794,-6.142
ligand_1795,-6.504
ligand_1796,-6.445
ligand_1797,-7.672
ligand_1798,-7.51
ligand_1799,-7.327
ligand_1800,-7.686
ligand_1801,-5.971
ligand_1802,-6.428
ligand_1803,-7.709
ligand_1804,-7.422
ligand_1805,-8.538
ligand_1806,-6.078
ligand_1807,-6.383
ligand_1808,-10.24
ligand_1809,-5.886
ligand_1810,-6.15
ligand_1811,-10.57
ligand_1812,-3.224
ligand_1813,-6.739
ligand_1814,-8.606
ligand_1815,-8.652
ligand_1816,-9.055
ligand_1817,-7.273
ligand_1818,-6.787
ligand_1819,-8.079
ligand_1820,-8.407
ligand_1821,-7.185
ligand_1822,-6.579
ligand_1823,-5.222
ligand_1824,-8.349
ligand_1825,-5.748
ligand_1826,-3.08
ligand_1827,-6.283
ligand_1828,-6.14
ligand_1829,-8.995
ligand_1830,-5.461
ligand_1831,-6.528
ligand_1832,-3.814
ligand_1833,-5.184
ligand_1834,-6.899
ligand_1835,-7.437
ligand_1836,-4.948
ligand_1837,-6.317
ligand_1838,-6.149
ligand_1839,-5.85
ligand_1840,-7.222
ligand_1841,-5.679
ligand_1842,-6.263
ligand_1843,-10.38
ligand_1844,-6.97
ligand_1845,-8.604
ligand_1846,-7.243
ligand_1847,-9.034
ligand_1848,-6.171
ligand_1849,-7.517
ligand_1850,-7.767
ligand_1851,-7.528
ligand_1852,-9.831
ligand_1853,-8.259
ligand_1854,-7.59
ligand_1855,-6.806
ligand_1856,-6.387
ligand_1857,-5.716
ligand_1858,-10.06
ligand_1859,-3.633
ligand_1860,-8.368
ligand_1861,-9.871
ligand_1862,-6.738
ligand_1863,-5.276
ligand_1864,-6.905
ligand_1865,-9.095
ligand_1866,-6.275
ligand_1867,-9.417
ligand_1868,-11.5
ligand_1869,-10.12
ligand_1870,-8.612
ligand_1871,-8.58
ligand_1872,-8.074
ligand_1873,-9.807
ligand_1874,-6.965
ligand_1875,-9.687
ligand_1876,-10.35
ligand_1877,-6.832
ligand_1878,-4.965
ligand_1879,-5.488
ligand_1880,-6.232
ligand_1881,-6.8
ligand_1882,-3.658
ligand_1883,-7.707
ligand_1884,-4.798
ligand_1885,-5.996
ligand_1886,-9.314
ligand_1887,-8.506
ligand_1888,-7.249
ligand_1889,-5.803
ligand_1890,-6.147
ligand_1891,-6.258
ligand_1892,-7.108
ligand_1893,-3.807
ligand_1894,-7.485
ligand_1895,-4.083
ligand_1896,-6.16
ligand_1897,-8.157
ligand_1898,-8.619
ligand_1899,-10.62
ligand_1900,-8.186
ligand_1901,-8.419
ligand_1902,-6.566
ligand_1903,-4.204
ligand_1904,-7.294
ligand_1905,-5.781
ligand_1906,-6.596
ligand_1907,-4.877
ligand_1908,-9.118
ligand_1909,-8.867
ligand_1910,-6.239
ligand_1911,-9.122
ligand_1912,-8.647
ligand_1913,-7.826
ligand_1914,-6.601
ligand_1915,-8.697
ligand_1916,-6.845
ligand_1917,-8.115
ligand_1918,-7.248
ligand_1919,-9.615
ligand_1920,-8.974
ligand_1921,-6.627
ligand_1922,-7.704
ligand_1923,-9.151
ligand_1924,-7.191
ligand_1925,-6.419
ligand_1926,-6.928
ligand_1927,-9.707
ligand_1928,-9.401
ligand_1929,-7.831
ligand_1930,-10.91
ligand_1931,-3.696
ligand_1932,-7.017
ligand_1933,-5.835
ligand_1934,-5.831
ligand_1935,-6.174
ligand_1936,-8.379
ligand_1937,-8.408
ligand_1938,-8.129
ligand_1939,-5.522
ligand_1940,-7.717
ligand_1941,-5.351
ligand_1942,-7.727
ligand_1943,-8.722
ligand_1944,-7.59
ligand_1945,-8.558
ligand_1946,-6.039
ligand_1947,-8.719
ligand_1948,-6.821
ligand_1949,-5.607
ligand_1950,-8.197
ligand_1951,-6.65
ligand_1952,-6.199
ligand_1953,-7.318
ligand_1954,-8.521
ligand_1955,-8.586
ligand_1956,-8.248
ligand_1957,-8.58
ligand_1958,-7.521
ligand_1959,-8.672
ligand_1960,-6.305
ligand_1961,-9.046
ligand_1962,-6.648
ligand_1963,-3.124
ligand_1964,-10.72
ligand_1965,-6.698
ligand_1966,-6.995
ligand_1967,-7.183
ligand_1968,-7.218
ligand_1969,-7.304
ligand_1970,-7.978
ligand_1971,-9.941
ligand_1972,-7.27
ligand_1973,-5.662
ligand_1974,-5.732
ligand_1975,-6.053
ligand_1976,-8.631
ligand_1977,-5.87
ligand_1978,-7.326
ligand_1979,-5.82
ligand_1980,-8.877
ligand_1981,-4.377
ligand_1982,-5.409
ligand_1983,-10.41
ligand_1984,-7.954
ligand_1985,-4.403
ligand_1986,-6.473
ligand_1987,-6.782
ligand_1988,-6.445
ligand_1989,-5.653
ligand_1990,-5.376
ligand_1991,-6.909
ligand_1992,-6.826
ligand_1993,-6.817
ligand_1994,-9.761
ligand_1995,-8.776
ligand_1996,-7.035
ligand_1997,-8.304
ligand_1998,-8.246
ligand_1999,-5.216
ligand_2000,-6.506
ligand_2001,-9.511
ligand_2002,-10.27
ligand_2003,-7.321
ligand_2004,-8.696
ligand_2005,-7.321
ligand_2006,-8.768
ligand_2007,-8.537
ligand_2008,-7.523
ligand_2009,-4.569
ligand_2010,-7.86
ligand_2011,-9.439
ligand_2012,-10.07
ligand_2013,-6.206
ligand_2014,-7.589
ligand_2015,-5.094
ligand_2016,-8.741
ligand_2017,-9.172
ligand_2018,-8.212
ligand_2019,-8.323
ligand_2020,-7.744
ligand_2021,-6.124
ligand_2022,-6.851
ligand_2023,-8.392
ligand_2024,-4.741
ligand_2025,-7.38
ligand_2026,-6.797
ligand_2027,-9.99
ligand_2028,-5.86
ligand_2029,-5.562
ligand_2030,-6.102
ligand_2031,-5.956
ligand_2032,-8.647
ligand_2033,-7.386
ligand_2034,-6.368
ligand_2035,-8.357
ligand_2036,-6.934
ligand_2037,-5.981
ligand_2038,-7.412
ligand_2039,-4.991
ligand_2040,-3.732
ligand_2041,-7.114
ligand_2042,-9.412
ligand_2043,-6.93
ligand_2044,-7.7
ligand_2045,-7.087
ligand_2046,-9.569
ligand_2047,-7.35
ligand_2048,-10.92
ligand_2049,-7.211
ligand_2050,-6.167
ligand_2051,-3.453
ligand_2052,-6.806
ligand_2053,-6.911
ligand_2054,-6.502
ligand_2055,-5.674
ligand_2056,-5.806
ligand_2057,-7.08
ligand_2058,-5.927
ligand_2059,-6.976
ligand_2060,-9.222
ligand_2061,-6.479
ligand_2062,-8.63
ligand_2063,-6.267
ligand_2064,-8.624
ligand_2065,-7.253
ligand_2066,-7.132
ligand_2067,-5.696
ligand_2068,-5.291
ligand_2069,-6.055
ligand_2070,-8.678
ligand_2071,-6.175
ligand_2072,-6.55
ligand_2073,-6.073
ligand_2074,-9.416
ligand_2075,-7.577
ligand_2076,-6.247
ligand_2077,-9.002
ligand_2078,-6.222
ligand_2079,-8.143
ligand_2080,-9.385
ligand_2081,-6.356
ligand_2082,-6.77
ligand_2083,-6.494
ligand_2084,-8.42
ligand_2085,-5.423
ligand_2086,-8.613
ligand_2087,-5.571
ligand_2088,-7.066
ligand_2089,-6.353
ligand_2090,-7.152
ligand_2091,-6.554
ligand_2092,-6.321
ligand_2093,-5.773
ligand_2094,-6.177
ligand_2095,-6.375
ligand_2096,-6.199
ligand_2097,-6.6
ligand_2098,-6.341
ligand_2099,-6.454
ligand_2100,-7.458
ligand_2101,-8.296
ligand_2102,-7.504
ligand_2103,-7.113
ligand_2104,-7.554
ligand_2105,-5.932
ligand_2106,-4.188
ligand_2107,-8.921
ligand_2108,-6.286
ligand_2109,-4.382
ligand_2110,-9.043
ligand_2111,-6.568
ligand_2112,-7.802
ligand_2113,-6.502
ligand_2114,-6.602
ligand_2115,-9.848
ligand_2116,-8.07
ligand_2117,-4.21
ligand_2118,-5.843
ligand_2119,-9.661
ligand_2120,-5.355
ligand_2121,-5.486
ligand_2122,-6.351
ligand_2123,-8.034
ligand_2124,-6.878
ligand_2125,-3.301
ligand_2126,-11.92
ligand_2127,-6.112
ligand_2128,-7.948
ligand_2129,-6.268
ligand_2130,-6.79
ligand_2131,-6.802
ligand_2132,-4.835
ligand_2133,-9.649
ligand_2134,-5.928
ligand_2135,-9.25
ligand_2136,-6.134
ligand_2137,-8.835
ligand_2138,-4.404
ligand_2139,-6.77
ligand_2140,-5.537
ligand_2141,-5.971
ligand_2142,-8.502
ligand_2143,-6.017
ligand_2144,-5.019
ligand_2145,-6.441
ligand_2146,-6.301
ligand_2147,-7.947
ligand_2148,-9.388
ligand_2149,-6.861
ligand_2150,-8.133
ligand_2151,-9.341
ligand_2152,-7.233
ligand_2153,-5.535
ligand_2154,-7.226
ligand_2155,-7.644
ligand_2156,-7.408
ligand_2157,-6.818
ligand_2158,-5.344
ligand_2159,-6.146
ligand_2160,-7.937
ligand_2161,-5.61
ligand_2162,-7.855
ligand_2163,-4.051
ligand_2164,-8.293
ligand_2165,-8.397
ligand_2166,-8.642
ligand_2167,-6.643
ligand_2168,-7.442
ligand_2169,-9.057
ligand_2170,-5.708
ligand_2171,-5.119
ligand_2172,-6.195
ligand_2173,-9.283
ligand_2174,-9.273
ligand_2175,-4.61
ligand_2176,-5.978
ligand_2177,-6.889
ligand_2178,-4.326
ligand_2179,-6.916
ligand_2180,-8.979
ligand_2181,-7.43
ligand_2182,-6.473
ligand_2183,-6.78
ligand_2184,-8.215
ligand_2185,-5.682
ligand_2186,-8.288
ligand_2187,-7.92
ligand_2188,-8.621
ligand_2189,-7.428
ligand_2190,-5.953
ligand_2191,-5.173
ligand_2192,-8.635
ligand_2193,-8.959
ligand_2194,-8.253
ligand_2195,-8.476
ligand_2196,-9.739
ligand_2197,-8.051
ligand_2198,-5.584
ligand_2199,-8.628
ligand_2200,-8.54
ligand_2201,-9.317
ligand_2202,-7.333
ligand_2203,-8.568
ligand_2204,-9.25
ligand_2205,-7.933
ligand_2206,-6.535
ligand_2207,-8.224
ligand_2208,-8.222
ligand_2209,-5.298
ligand_2210,-7.089
ligand_2211,-5.87
ligand_2212,-6.075
ligand_2213,-8.229
ligand_2214,-9.642
ligand_2215,-5.29
ligand_2216,-6.366
ligand_2217,-7.314
ligand_2218,-5.133
ligand_2219,-7.994
ligand_2220,-1.678
ligand_2221,-9.298
ligand_2222,-6.29
ligand_2223,-7.57
ligand_2224,-8.163
ligand_2225,-8.274
ligand_2226,-8.802
ligand_2227,-10.13
ligand_2228,-5.954
ligand_2229,-6.063
ligand_2230,-6.428
ligand_2231,-8.164
ligand_2232,-8.895
ligand_2233,-2.746
ligand_2234,-6.518
ligand_2235,-9.247
ligand_2236,-4.739
ligand_2237,-7.03
ligand_2238,-5.467
ligand_2239,-6.752
ligand_2240,-8.408
ligand_2241,-5.478
ligand_2242,-6.162
ligand_2243,-8.101
ligand_2244,-5.715
ligand_2245,-5.174
ligand_2246,-6.428
ligand_2247,-6.444
ligand_2248,-7.449
ligand_2249,-10.13
ligand_2250,-7.575
ligand_2251,-5.499
ligand_2252,-6.597
ligand_2253,-8.747
ligand_2254,-5.653
ligand_2255,-6.144
ligand_2256,-8.094
ligand_2257,-4.707
ligand_2258,-8.674
ligand_2259,-7.313
ligand_2260,-8.369
ligand_2261,-5.316
ligand_2262,-6.653
ligand_2263,-4.945
ligand_2264,-7.938
ligand_2265,-4.138
ligand_2266,-8.694
ligand_2267,-4.379
ligand_2268,-7.933
ligand_2269,-8.737
ligand_2270,-9.426
ligand_2271,-8.602
ligand_2272,-5.97
ligand_2273,-9.151
ligand_2274,-7.437
ligand_2275,-7.566
ligand_2276,-6.339
ligand_2277,-6.81
ligand_2278,-8.098
ligand_2279,-6.395
ligand_2280,-6.75
ligand_2281,-6.03
ligand_2282,-8.631
ligand_2283,-5.097
ligand_2284,-3.572
ligand_2285,-7.486
ligand_2286,-7.191
ligand_2287,-8.173
ligand_2288,-6.178
ligand_2289,-6.204
ligand_2290,-5.414
ligand_2291,-2.755
ligand_2292,-6.474
ligand_2293,-4.868
ligand_2294,-7.253
ligand_2295,-6.841
ligand_2296,-7.227
ligand_2297,-7.196
ligand_2298,-8.889
ligand_2299,-6.596
ligand_2300,-5.366
ligand_2301,-7.764
ligand_2302,-7.552
ligand_2303,-7.778
ligand_2304,-7.898
ligand_2305,-7.317
ligand_2306,-6.842
ligand_2307,-6.142
ligand_2308,-5.934
ligand_2309,-7.824
ligand_2310,-7.246
ligand_2311,-6.407
ligand_2312,-7.837
ligand_2313,-6.282
ligand_2314,-4
ligand_2315,-5.795
ligand_2316,-6.075
ligand_2317,-6.304
ligand_2318,-6.462
ligand_2319,-9.221
ligand_2320,-7.897
ligand_2321,-8.853
ligand_2322,-5.67
ligand_2323,-10.43
ligand_2324,-9.08
ligand_2325,-8.005
ligand_2326,-9.133
ligand_2327,-7.926
ligand_2328,-6.692
ligand_2329,-6.836
ligand_2330,-3.688
ligand_2331,-4.539
ligand_2332,-10.31
ligand_2333,-5.953
ligand_2334,-3.68
ligand_2335,-6.489
ligand_2336,-6.631
ligand_2337,-8.72
ligand_2338,-8.321
ligand_2339,-6.42
ligand_2340,-6.637
ligand_2341,-6.546
ligand_2342,-10.27
ligand_2343,-8.911
ligand_2344,-4.435
ligand_2345,-6.233
ligand_2346,-6.259
ligand_2347,-9.436
ligand_2348,-7.534
ligand_2349,-7.285
ligand_2350,-6.155
ligand_2351,-9.901
ligand_2352,-7.189
ligand_2353,-8.838
ligand_2354,-5.742
ligand_2355,-6.163
ligand_2356,-9.311
ligand_2357,-4.475
ligand_2358,-3.929
ligand_2359,-8.358
ligand_2360,-9.009
ligand_2361,-6.584
ligand_2362,-9.065
ligand_2363,-5.45
ligand_2364,-4.654
ligand_2365,-6.018
ligand_2366,-4.256
ligand_2367,-6.566
ligand_2368,-10.06
ligand_2369,-6.74
ligand_2370,-5.674
ligand_2371,-9.461
ligand_2372,-7.671
ligand_2373,-8.858
ligand_2374,-7.477
ligand_2375,-6.436
ligand_2376,-8.931
ligand_2377,-6.752
ligand_2378,-7.108
ligand_2379,-3.612
ligand_2380,-4.371
ligand_2381,-6.066
ligand_2382,-9.948
ligand_2383,-6.093
ligand_2384,-9.685
ligand_2385,-8.705
ligand_2386,-5.16
ligand_2387,-7.065
ligand_2388,-5.908
ligand_2389,-7.215
ligand_2390,-7.186
ligand_2391,-8.612
ligand_2392,-6.632
ligand_2393,-9.772
ligand_2394,-8.573
ligand_2395,-8.81
ligand_2396,-5.984
ligand_2397,-7.818
ligand_2398,-10.41
ligand_2399,-5.392
ligand_2400,-6.132
ligand_2401,-9.655
ligand_2402,-6.183
ligand_2403,-6.782
ligand_2404,-8.639
ligand_2405,-4.42
ligand_2406,-6.504
ligand_2407,-6.675
ligand_2408,-7.039
ligand_2409,-6.906
ligand_2410,-7.505
ligand_2411,-5.707
ligand_2412,-4.017
ligand_2413,-8.739
ligand_2414,-6.123
ligand_2415,-11.76
ligand_2416,-4.516
ligand_2417,-7.668
ligand_2418,-6.988
ligand_2419,-8.423
ligand_2420,-8.707
ligand_2421,-8.177
ligand_2422,-5.319
ligand_2423,-6.554
ligand_2424,-7.48
ligand_2425,-6.404
ligand_2426,-7.54
ligand_2427,-10.36
ligand_2428,-3.757
ligand_2429,-8.593
ligand_2430,-8.355
ligand_2431,-8.111
ligand_2432,-6.904
ligand_2433,-6.032
ligand_2434,-7.387
ligand_2435,-6.052
ligand_2436,-7.947
ligand_2437,-4.488
ligand_2438,-6.339
ligand_2439,-8.895
ligand_2440,-6.644
ligand_2441,-5.474
ligand_2442,-5.862
ligand_2443,-7.857
ligand_2444,-5.956
ligand_2445,-8.561
ligand_2446,-9.607
ligand_2447,-8.55
ligand_2448,-10.44
ligand_2449,-8.46
ligand_2450,-8.179
ligand_2451,-6.437
ligand_2452,-6.395
ligand_2453,-6.903
ligand_2454,-8.267
ligand_2455,-6.216
ligand_2456,-7.919
ligand_2457,-7.149
ligand_2458,-6.049
ligand_2459,-4.628
ligand_2460,-6.347
ligand_2461,-7.305
ligand_2462,-8.668
ligand_2463,-6.237
ligand_2464,-8.692
ligand_2465,-7.786
ligand_2466,-6.928
ligand_2467,-7.402
ligand_2468,-6.874
ligand_2469,-5.809
ligand_2470,-6.114
ligand_2471,-3.441
ligand_2472,-7.215
ligand_2473,-6.137
ligand_2474,-7.54
ligand_2475,-7.549
ligand_2476,-7.578
ligand_2477,-7.099
ligand_2478,-8.351
ligand_2479,-9.647
ligand_2480,-5.145
ligand_2481,-9.548
ligand_2482,-7.602
ligand_2483,-7.192
ligand_2484,-8.336
ligand_2485,-11.04
ligand_2486,-4.634
ligand_2487,-8.26
ligand_2488,-8.402
ligand_2489,-7.511
ligand_2490,-6.167
ligand_2491,-5.477
ligand_2492,-8.662
ligand_2493,-5.691
ligand_2494,-6.051
ligand_2495,-6.369
ligand_2496,-8.089
ligand_2497,-9.059
ligand_2498,-6.264
ligand_2499,-7.52
ligand_2500,-3.521
ligand_2501,-6.235
ligand_2502,-8.545
ligand_2503,-6.213
ligand_2504,-7.596
ligand_2505,-8.678
ligand_2506,-6.335
ligand_2507,-8.942
ligand_2508,-7.297
ligand_2509,-7.299
ligand_2510,-8.844
ligand_2511,-9.418
ligand_2512,-7.884
ligand_2513,-7.804
ligand_2514,-8.669
ligand_2515,-7.391
ligand_2516,-4.771
ligand_2517,-6.391
ligand_2518,-8.21
ligand_2519,-8.399
ligand_2520,-8.966
ligand_2521,-8.279
ligand_2522,-7.935
ligand_2523,-5.976
ligand_2524,-8.305
ligand_2525,-8.722
ligand_2526,-7.699
ligand_2527,-5.956
ligand_2528,-7.961
ligand_2529,-8.841
ligand_2530,-9.454
ligand_2531,-9.044
ligand_2532,-5.138
ligand_2533,-7.273
ligand_2534,-5.953
ligand_2535,-5.18
ligand_2536,-8.121
ligand_2537,-7.169
ligand_2538,-5.98
ligand_2539,-8.543
ligand_2540,-8.568
ligand_2541,-5.642
ligand_2542,-5.515
ligand_2543,-7.831
ligand_2544,-10.48
ligand_2545,-6.678
ligand_2546,-10.43
ligand_2547,-5.516
ligand_2548,-7.029
ligand_2549,-5.346
ligand_2550,-6.053
ligand_2551,-6.829
ligand_2552,-4.201
ligand_2553,-6.486
ligand_2554,-5.646
ligand_2555,-7.016
ligand_2556,-6.468
ligand_2557,-6.055
ligand_2558,-6.556
ligand_2559,-9.352
ligand_2560,-8.105
ligand_2561,-6.15
ligand_2562,-8.012
ligand_2563,-7.933
ligand_2564,-6.965
ligand_2565,-7.192
ligand_2566,-6.487
ligand_2567,-4.557
ligand_2568,-7.009
ligand_2569,-9.274
ligand_2570,-7.034
ligand_2571,-8.74
ligand_2572,-9.257
ligand_2573,-7.295
ligand_2574,-5.543
ligand_2575,-7.462
ligand_2576,-6.252
ligand_2577,-4.126
ligand_2578,-6.68
ligand_2579,-6.692
ligand_2580,-6.679
ligand_2581,-5.701
ligand_2582,-5.807
ligand_2583,-8.649
ligand_2584,-8.786
ligand_2585,-8.799
ligand_2586,-8.244
ligand_2587,-7.213
ligand_2588,-7.246
ligand_2589,-8.348
ligand_2590,-7.356
ligand_2591,-8.012
ligand_2592,-9.232
ligand_2593,-8.658
ligand_2594,-7.511
ligand_2595,-8.102
ligand_2596,-7.742
ligand_2597,-5.622
ligand_2598,-7.464
ligand_2599,-5.426
ligand_2600,-8.212
ligand_2601,-5.884
ligand_2602,-4.606
ligand_2603,-3.931
ligand_2604,-9.407
ligand_2605,-6.583
ligand_2606,-8.852
ligand_2607,-6.436
ligand_2608,-5.881
ligand_2609,-9.974
ligand_2610,-8.253
ligand_2611,-6.763
ligand_2612,-7.253
ligand_2613,-4.49
ligand_2614,-8.864
ligand_2615,-10.77
ligand_2616,-6.75
ligand_2617,-9.008
ligand_2618,-6.883
ligand_2619,-5.624
ligand_2620,-6.278
ligand_2621,-7.123
ligand_2622,-4.789
ligand_2623,-8.711
ligand_2624,-9.08
ligand_2625,-6.24
ligand_2626,-5.481
ligand_2627,-7.515
ligand_2628,-7.806
ligand_2629,-6.038
ligand_2630,-7.353
ligand_2631,-7.336
ligand_2632,-7.752
ligand_2633,-8.66
ligand_2634,-3.86
ligand_2635,-6.022
ligand_2636,-6.369
ligand_2637,-7.222
ligand_2638,-7.928
ligand_2639,-10.65
ligand_2640,-6.956
ligand_2641,-9.504
ligand_2642,-6.867
ligand_2643,-10.01
ligand_2644,-8.342
ligand_2645,-8.976
ligand_2646,-8.252
ligand_2647,-7.329
ligand_2648,-8.897
ligand_2649,-7.634
ligand_2650,-7.328
ligand_2651,-6.358
ligand_2652,-7.561
ligand_2653,-7.75
ligand_2654,-7.045
ligand_2655,-2.597
ligand_2656,-10.02
ligand_2657,-7.782
ligand_2658,-6.389
ligand_2659,-8.599
ligand_2660,-5.937
ligand_2661,-7.416
ligand_2662,-6.139
ligand_2663,-9.629
ligand_2664,-10.69
ligand_2665,-7.245
ligand_2666,-9.014
ligand_2667,-8.562
ligand_2668,-7.652
ligand_2669,-5.364
ligand_2670,-6.589
ligand_2671,-6.569
ligand_2672,-8.595
ligand_2673,-5.764
ligand_2674,-7.048
ligand_2675,-5.747
ligand_2676,-6.359
ligand_2677,-7.477
ligand_2678,-5.495
ligand_2679,-7.672
ligand_2680,-7.525
ligand_2681,-8.238
ligand_2682,-8.261
ligand_2683,-6.812
ligand_2684,-10.83
ligand_2685,-7.238
ligand_2686,-6.134
ligand_2687,-6.203
ligand_2688,-7.295
ligand_2689,-6.781
ligand_2690,-5.023
ligand_2691,-7.91
ligand_2692,-4.793
ligand_2693,-8.408
ligand_2694,-6.099
ligand_2695,-7.036
ligand_2696,-7.902
ligand_2697,-7.498
ligand_2698,-7.257
ligand_2699,-8.325
ligand_2700,-7.963
ligand_2701,-6.118
ligand_2702,-6.183
ligand_2703,-6.547
ligand_2704,-6.909
ligand_2705,-7.368
ligand_2706,-3.674
ligand_2707,-6.279
ligand_2708,-7.028
ligand_2709,-8.088
ligand_2710,-8.145
ligand_2711,-7.783
ligand_2712,-8.161
ligand_2713,-5.995
ligand_2714,-9.699
ligand_2715,-6.846
ligand_2716,-6.976
ligand_2717,-7.751
ligand_2718,-7.826
ligand_2719,-6.274
ligand_2720,-8.229
ligand_2721,-5.523
ligand_2722,-8.482
ligand_2723,-8.119
ligand_2724,-8.033
ligand_2725,-6.947
ligand_2726,-5.664
ligand_2727,-8.432
ligand_2728,-8.96
ligand_2729,-8.503
ligand_2730,-7.083
ligand_2731,-6.362
ligand_2732,-6.481
ligand_2733,-10.02
ligand_2734,-5.991
ligand_2735,-6.563
ligand_2736,-7.167
ligand_2737,-6.296
ligand_2738,-7.075
ligand_2739,-6.849
ligand_2740,-5.581
ligand_2741,-6.36
ligand_2742,-7.219
ligand_2743,-5.844
ligand_2744,-4.16
ligand_2745,-3.707
ligand_2746,-6.248
ligand_2747,-9.406
ligand_2748,-7.097
ligand_2749,-8.927
ligand_2750,-5.516
ligand_2751,-8.4
ligand_2752,-6.012
ligand_2753,-7.551
ligand_2754,-9.37
ligand_2755,-9.265
ligand_2756,-7.839
ligand_2757,-9.273
ligand_2758,-7.198
ligand_2759,-6.695
ligand_2760,-6.342
ligand_2761,-8.557
ligand_2762,-6.998
ligand_2763,-6.762
ligand_2764,-7.367
ligand_2765,-6.866
ligand_2766,-4.154
ligand_2767,-8.394
ligand_2768,-7.806
ligand_2769,-7.054
ligand_2770,-9.166
ligand_2771,-7.278
ligand_2772,-8.286
ligand_2773,-9.402
ligand_2774,-4.682
ligand_2775,-6.283
ligand_2776,-5.621
ligand_2777,-4.155
ligand_2778,-6.742
ligand_2779,-7.634
ligand_2780,-10.14
ligand_2781,-9.38
ligand_2782,-6.745
ligand_2783,-5.421
ligand_2784,-7.419
ligand_2785,-5.696
ligand_2786,-7.178
ligand_2787,-7.496
ligand_2788,-7.276
ligand_2789,-8.761
ligand_2790,-8.255
ligand_2791,-6.113
ligand_2792,-8.302
ligand_2793,-7.584
ligand_2794,-8.53
ligand_2795,-8.826
ligand_2796,-7.057
ligand_2797,-7.999
ligand_2798,-7.066
ligand_2799,-8.816
ligand_2800,-8.509
ligand_2801,-7.293
ligand_2802,-6.912
ligand_2803,-5.279
ligand_2804,-5.009
ligand_2805,-6.312
ligand_2806,-5.91
ligand_2807,-6.956
ligand_2808,-4.86
ligand_2809,-9.025
ligand_2810,-8.19
ligand_2811,-7.657
ligand_2812,-6.513
ligand_2813,-6.349
ligand_2814,-5.18
ligand_2815,-5.274
ligand_2816,-4.454
ligand_2817,-6.376
ligand_2818,-5.889
ligand_2819,-9.714
ligand_2820,-4.784
ligand_2821,-9.024
ligand_2822,-5.627
ligand_2823,-6.463
ligand_2824,-5.804
ligand_2825,-8.917
ligand_2826,-6.996
ligand_2827,-8.986
ligand_2828,-8.268
ligand_2829,-7.218
ligand_2830,-5.167
ligand_2831,-7.148
ligand_2832,-5.057
ligand_2833,-7.481
ligand_2834,-8.996
ligand_2835,-8.106
ligand_2836,-8.441
ligand_2837,-6.985
ligand_2838,-10.23
ligand_2839,-7.246
ligand_2840,-9.577
ligand_2841,-6.457
ligand_2842,-6.471
ligand_2843,-7.058
ligand_2844,-4.662
ligand_2845,-10.04
ligand_2846,-8.106
ligand_2847,-10.06
ligand_2848,-8.499
ligand_2849,-8.024
ligand_2850,-5.7
ligand_2851,-4.901
ligand_2852,-6.645
ligand_2853,-6.363
ligand_2854,-6.959
ligand_2855,-8.505
ligand_2856,-9.348
ligand_2857,-10.19
ligand_2858,-10.99
ligand_2859,-8.186
ligand_2860,-7.48
ligand_2861,-7.267
ligand_2862,-8.239
ligand_2863,-5.689
ligand_2864,-11.18
ligand_2865,-9.688
ligand_2866,-6.677
ligand_2867,-11
ligand_2868,-4.375
ligand_2869,-6.876
ligand_2870,-8.471
ligand_2871,-7.293
ligand_2872,-7.946
ligand_2873,-6.215
ligand_2874,-6.716
ligand_2875,-6.622
ligand_2876,-9.674
ligand_2877,-8.485
ligand_2878,-1.665
ligand_2879,-6.597
ligand_2880,-8.291
ligand_2881,-6.447
ligand_2882,-6.064
ligand_2883,-6.798
ligand_2884,-6.558
ligand_2885,-3.18
ligand_2886,-7.484
ligand_2887,-5.927
ligand_2888,-5.173
ligand_2889,-6.284
ligand_2890,-5.866
ligand_2891,-6.144
ligand_2892,-5.863
ligand_2893,-8.787
ligand_2894,-4.804
ligand_2895,-6.814
ligand_2896,-6.052
ligand_2897,-8.959
ligand_2898,-8.602
ligand_2899,-7.525
ligand_2900,-7.959
ligand_2901,-8.643
ligand_2902,-5.738
ligand_2903,-5.017
ligand_2904,-6.105
ligand_2905,-8.459
ligand_2906,-4.988
ligand_2907,-6.702
ligand_2908,-7.148
ligand_2909,-9.587
ligand_2910,-7.852
ligand_2911,-7.626
ligand_2912,-8.543
ligand_2913,-6.477
ligand_2914,-6.145
ligand_2915,-7.022
ligand_2916,-6.638
ligand_2917,-8.689
ligand_2918,-6.38
ligand_2919,-6.996
ligand_2920,-8.181
ligand_2921,-6.503
ligand_2922,-6.628
ligand_2923,-5.858
ligand_2924,-10.25
ligand_2925,-6.132
ligand_2926,-9.154
ligand_2927,-6.382
ligand_2928,-5.969
ligand_2929,-7.383
ligand_2930,-7.079
ligand_2931,-6.93
ligand_2932,-9.087
ligand_2933,-6.453
ligand_2934,-6.577
ligand_2935,-7.055
ligand_2936,-5.62
ligand_2937,-6.05
ligand_2938,-9.429
ligand_2939,-6.735
ligand_2940,-6.096
ligand_2941,-8.07
ligand_2942,-8.396
ligand_2943,-7.042
ligand_2944,-7.038
ligand_2945,-5.486
ligand_2946,-5.903
ligand_2947,-7.931
ligand_2948,-4.428
ligand_2949,-6.379
ligand_2950,-6.49
ligand_2951,-6.877
ligand_2952,-5.658
ligand_2953,-8.458
ligand_2954,-7.372
ligand_2955,-7.678
ligand_2956,-7.125
ligand_2957,-6.533
ligand_2958,-8.819
ligand_2959,-8.345
ligand_2960,-3.342
ligand_2961,-9.018
ligand_2962,-9.273
ligand_2963,-8.013
ligand_2964,-6.458
ligand_2965,-7.825
ligand_2966,-6.289
ligand_2967,-6.451
ligand_2968,-6.731
ligand_2969,-6.308
ligand_2970,-8.906
ligand_2971,-4.989
ligand_2972,-6.036
ligand_2973,-7.731
ligand_2974,-6.131
ligand_2975,-5.089
ligand_2976,-4.179
ligand_2977,-6.999
ligand_2978,-8.527
ligand_2979,-8.867
ligand_2980,-7.805
ligand_2981,-7.197
ligand_2982,-6.835
ligand_2983,-5.918
ligand_2984,-8.673
ligand_2985,-5.094
ligand_2986,-6.734
ligand_2987,-5.739
ligand_2988,-4.156
ligand_2989,-6.454
ligand_2990,-8.633
ligand_2991,-9.803
ligand_2992,-7.422
ligand_2993,-8.462
ligand_2994,-8.507
ligand_2995,-9.717
ligand_2996,-7.575
ligand_2997,-5.516
ligand_2998,-8.343
ligand_2999,-3.998
ligand_3000,-7.167
ligand_3001,-8.354
ligand_3002,-9.773
ligand_3003,-8.238
ligand_3004,-5.592
ligand_3005,-9.119
ligand_3006,-7.722
ligand_3007,-3.033
ligand_3008,-6.34
ligand_3009,-6.298
ligand_3010,-8.608
ligand_3011,-10.32
ligand_3012,-7.544
ligand_3013,-5.3
ligand_3014,-6.677
ligand_3015,-6.739
ligand_3016,-6.456
ligand_3017,-6.264
ligand_3018,-7.388
ligand_3019,-9.327
ligand_3020,-4.786
ligand_3021,-4.774
ligand_3022,-10.17
ligand_3023,-6.456
ligand_3024,-8.34
ligand_3025,-9.59
ligand_3026,-8.027
ligand_3027,-8.356
ligand_3028,-6.022
ligand_3029,-7.809
ligand_3030,-7.261
ligand_3031,-6.799
ligand_3032,-5.228
ligand_3033,-7.93
ligand_3034,-5.844
ligand_3035,-9.11
ligand_3036,-6.728
ligand_3037,-9.584
ligand_3038,-9.549
ligand_3039,-6.368
ligand_3040,-3.519
ligand_3041,-6.188
ligand_3042,-6.275
ligand_3043,-7.936
ligand_3044,-6.453
ligand_3045,-10.2
ligand_3046,-9.106
ligand_3047,-6.578
ligand_3048,-8.569
ligand_3049,-7.453
ligand_3050,-5.963
ligand_3051,-3.95
ligand_3052,-6.273
ligand_3053,-8.899
ligand_3054,-8.248
ligand_3055,-9.196
ligand_3056,-8.408
ligand_3057,-6.759
ligand_3058,-9.026
ligand_3059,-6.449
ligand_3060,-6.44
ligand_3061,-8.032
ligand_3062,-3.577
ligand_3063,-7.493
ligand_3064,-4.681
ligand_3065,-5.942
ligand_3066,-7.861
ligand_3067,-8.693
ligand_3068,-8.979
ligand_3069,-5.93
ligand_3070,-6.756
ligand_3071,-6.079
ligand_3072,-5.353
ligand_3073,-7.771
ligand_3074,-5.317
ligand_3075,-7.534
ligand_3076,-6.966
ligand_3077,-7.242
ligand_3078,-9.3
ligand_3079,-7.914
ligand_3080,-5.737
ligand_3081,-7.71
ligand_3082,-9.453
ligand_3083,-6.867
ligand_3084,-5.765
ligand_3085,-6.721
ligand_3086,-8.549
ligand_3087,-4.309
ligand_3088,-7.06
ligand_3089,-7.769
ligand_3090,-5.885
ligand_3091,-3.047
ligand_3092,-8.788
ligand_3093,-4.494
ligand_3094,-8.39
ligand_3095,-6.934
ligand_3096,-7.7
ligand_3097,-9.306
ligand_3098,-5.727
ligand_3099,-6.835
ligand_3100,-4.262
ligand_3101,-5.481
ligand_3102,-6.12
ligand_3103,-6.894
ligand_3104,-6.879
ligand_3105,-7.102
ligand_3106,-6.723
ligand_3107,-9.545
ligand_3108,-7.789
ligand_3109,-7.143
ligand_3110,-6.291
ligand_3111,-7.031
ligand_3112,-7.238
ligand_3113,-7.391
ligand_3114,-6.382
ligand_3115,-6.4
ligand_3116,-6.158
ligand_3117,-8.797
ligand_3118,-5.886
ligand_3119,-8.855
ligand_3120,-8.583
ligand_3121,-6.092
ligand_3122,-6.433
ligand_3123,-8.078
ligand_3124,-8.766
ligand_3125,-5.242
ligand_3126,-7.308
ligand_3127,-9.905
ligand_3128,-6.813
ligand_3129,-8.289
ligand_3130,-5.373
ligand_3131,-6.527
ligand_3132,-7.141
ligand_3133,-8.474
ligand_3134,-10.7
ligand_3135,-8.144
ligand_3136,-9.263
ligand_3137,-7.254
ligand_3138,-7.271
ligand_3139,-6.236
ligand_3140,-5.846
ligand_3141,-7.507
ligand_3142,-7.26
ligand_3143,-8.318
ligand_3144,-7.621
ligand_3145,-9.463
ligand_3146,-7.604
ligand_3147,-8.042
ligand_3148,-8.757
ligand_3149,-4.45
ligand_3150,-4.51
ligand_3151,-5.332
ligand_3152,-8.51
ligand_3153,-8.811
ligand_3154,-5.499
ligand_3155,-10.77
ligand_3156,-10.04
ligand_3157,-8.732
ligand_3158,-4.045
ligand_3159,-6.519
ligand_3160,-6.018
ligand_3161,-7.159
ligand_3162,-8.957
ligand_3163,-7.762
ligand_3164,-6.211
ligand_3165,-5.942
ligand_3166,-6.133
ligand_3167,-8.248
ligand_3168,-7.521
ligand_3169,-10.65
ligand_3170,-5.916
ligand_3171,-5.991
ligand_3172,-8.977
ligand_3173,-6.028
ligand_3174,-8.482
ligand_3175,-7.409
ligand_3176,-8.764
ligand_3177,-7.337
ligand_3178,-6.601
ligand_3179,-7.904
ligand_3180,-8.521
ligand_3181,-7.705
ligand_3182,-8.943
ligand_3183,-6.87
ligand_3184,-7.058
ligand_3185,-8.659
ligand_3186,-4.616
ligand_3187,-5.574
ligand_3188,-6.239
ligand_3189,-6.543
ligand_3190,-8.147
ligand_3191,-6.947
ligand_3192,-4.644
ligand_3193,-6.749
ligand_3194,-6.83
ligand_3195,-5.313
ligand_3196,-8.134
ligand_3197,-6.051
ligand_3198,-8.225
ligand_3199,-8.321
ligand_3200,-9.653
ligand_3201,-6.81
ligand_3202,-8.066
ligand_3203,-6.354
ligand_3204,-7.874
ligand_3205,-9.097
ligand_3206,-7.473
ligand_3207,-8.94
ligand_3208,-7.167
ligand_3209,-6.998
ligand_3210,-7.311
ligand_3211,-9.97
ligand_3212,-9.475
ligand_3213,-8.411
ligand_3214,-8.344
ligand_3215,-6.491
ligand_3216,-9.197
ligand_3217,-9.658
ligand_3218,-6.89
ligand_3219,-8.078
ligand_3220,-8.453
ligand_3221,-9.155
ligand_3222,-10.21
ligand_3223,-6.078
ligand_3224,-6.529
ligand_3225,-6.712
ligand_3226,-9.267
ligand_3227,-7.918
ligand_3228,-8.504
ligand_3229,-8.746
ligand_3230,-7.83
ligand_3231,-9.234
ligand_3232,-8.811
ligand_3233,-9.755
ligand_3234,-3.066
ligand_3235,-6.9
ligand_3236,-5.071
ligand_3237,-8.275
ligand_3238,-7.678
ligand_3239,-8.095
ligand_3240,-9.297
ligand_3241,-8.381
ligand_3242,-6.513
ligand_3243,-5.319
ligand_3244,-7.743
ligand_3245,-6.321
ligand_3246,-5.627
ligand_3247,-6.868
ligand_3248,-6.933
ligand_3249,-6.722
ligand_3250,-10.01
ligand_3251,-3.394
ligand_3252,-7.183
ligand_3253,-6.945
ligand_3254,-9.852
ligand_3255,-5.26
ligand_3256,-4.523
ligand_3257,-7.188
ligand_3258,-5.562
ligand_3259,-3.8
ligand_3260,-6.121
ligand_3261,-6.202
ligand_3262,-7.613
ligand_3263,-10.62
ligand_3264,-7.896
ligand_3265,-8.08
ligand_3266,-6.166
ligand_3267,-7.682
ligand_3268,-6.763
ligand_3269,-9.438
ligand_3270,-8.976
ligand_3271,-6.031
ligand_3272,-9.467
ligand_3273,-6.59
ligand_3274,-6.23
ligand_3275,-6.707
ligand_3276,-7.347
ligand_3277,-8.511
ligand_3278,-3.931
ligand_3279,-5.843
ligand_3280,-7.975
ligand_3281,-6.317
ligand_3282,-7.56
ligand_3283,-8.262
ligand_3284,-6.51
ligand_3285,-6.721
ligand_3286,-7.623
ligand_3287,-6.227
ligand_3288,-6.739
ligand_3289,-7.658
ligand_3290,-6.994
ligand_3291,-5.132
ligand_3292,-6.168
ligand_3293,-6.973
ligand_3294,-9.083
ligand_3295,-5.82
ligand_3296,-6.022
ligand_3297,-3.684
ligand_3298,-7.74
ligand_3299,-6.597
ligand_3300,-7.586
ligand_3301,-3.192
ligand_3302,-6.186
ligand_3303,-5.873
ligand_3304,-7.577
ligand_3305,-6.116
ligand_3306,-6.728
ligand_3307,-6.039
ligand_3308,-6.189
ligand_3309,-7.667
ligand_3310,-7.662
ligand_3311,-8.649
ligand_3312,-6.106
ligand_3313,-6.577
ligand_3314,-2.858
ligand_3315,-6.246
ligand_3316,-5.896
ligand_3317,-8.26
ligand_3318,-7.023
ligand_3319,-9.034
ligand_3320,-8.469
ligand_3321,-7.709
ligand_3322,-6.727
ligand_3323,-7.475
ligand_3324,-8.12
ligand_3325,-6.598
ligand_3326,-7.773
ligand_3327,-8.942
ligand_3328,-8.321
ligand_3329,-8.199
ligand_3330,-6.298
ligand_3331,-9.356
ligand_3332,-10.55
ligand_3333,-6.516
ligand_3334,-5.993
ligand_3335,-9.449
ligand_3336,-6.367
ligand_3337,-5.811
ligand_3338,-7.494
ligand_3339,-8.58
ligand_3340,-8.946
ligand_3341,-5.956
ligand_3342,-7.621
ligand_3343,-6.088
ligand_3344,-6.014
ligand_3345,-6.565
ligand_3346,-8.896
ligand_3347,-8.331
ligand_3348,-5.127
ligand_3349,-10.67
ligand_3350,-10.12
ligand_3351,-6.066
ligand_3352,-4.396
ligand_3353,-6.903
ligand_3354,-9.686
ligand_3355,-10.63
ligand_3356,-8.459
ligand_3357,-7.776
ligand_3358,-7.422
ligand_3359,-8.899
ligand_3360,-8.206
ligand_3361,-5.569
ligand_3362,-7.267
ligand_3363,-4.125
ligand_3364,-7.524
ligand_3365,-7.334
ligand_3366,-5.19
ligand_3367,-5.215
ligand_3368,-8.589
ligand_3369,-5.843
ligand_3370,-2.963
ligand_3371,-5.295
ligand_3372,-5.781
ligand_3373,-4.664
ligand_3374,-9.663
ligand_3375,-6.078
ligand_3376,-7.381
ligand_3377,-8.203
ligand_3378,-7.685
ligand_3379,-7.651
ligand_3380,-4.162
ligand_3381,-6.436
ligand_3382,-5.984
ligand_3383,-6.014
ligand_3384,-6.406
ligand_3385,-6.563
ligand_3386,-6.492
ligand_3387,-10.62
ligand_3388,-6.181
ligand_3389,-9.325
ligand_3390,-5.663
ligand_3391,-10.05
ligand_3392,-4.879
ligand_3393,-8.183
ligand_3394,-9.153
ligand_3395,-8.598
ligand_3396,-5.854
ligand_3397,-8.288
ligand_3398,-6.429
ligand_3399,-6.389
ligand_3400,-8.555
ligand_3401,-8.605
ligand_3402,-9.519
ligand_3403,-9.533
ligand_3404,-6.687
ligand_3405,-4.392
ligand_3406,-6.259
ligand_3407,-4.135
ligand_3408,-6.05
ligand_3409,-7.818
ligand_3410,-4.936
ligand_3411,-8.903
ligand_3412,-4.525
ligand_3413,-7.082
ligand_3414,-6.636
ligand_3415,-5.623
ligand_3416,-10.1
ligand_3417,-9.377
ligand_3418,-6.528
ligand_3419,-4.987
ligand_3420,-4.911
ligand_3421,-7.167
ligand_3422,-6.132
ligand_3423,-9.82
ligand_3424,-8.286
ligand_3425,-10.29
ligand_3426,-5.728
ligand_3427,-7.154
ligand_3428,-9.774
ligand_3429,-8.654
ligand_3430,-8.888
ligand_3431,-8.174
ligand_3432,-6.813
ligand_3433,-7.389
ligand_3434,-4.806
ligand_3435,-4.087
ligand_3436,-5.869
ligand_3437,-6.757
ligand_3438,-6.425
ligand_3439,-10.2
ligand_3440,-5.677
ligand_3441,-7.177
ligand_3442,-8.063
ligand_3443,-7.203
ligand_3444,-8.3
ligand_3445,-6.575
ligand_3446,-7.317
ligand_3447,-5.346
ligand_3448,-8.558
ligand_3449,-7.405
ligand_3450,-9.759
ligand_3451,-6.436
ligand_3452,-6.677
ligand_3453,-7.018
ligand_3454,-6.17
ligand_3455,-6.93
ligand_3456,-6.065
ligand_3457,-8.834
ligand_3458,-5.302
ligand_3459,-9.968
ligand_3460,-6.902
ligand_3461,-4.924
ligand_3462,-5.593
ligand_3463,-7.353
ligand_3464,-5.87
ligand_3465,-6.881
ligand_3466,-6.159
ligand_3467,-6.252
ligand_3468,-7.528
ligand_3469,-4.314
ligand_3470,-9.019
ligand_3471,-7.011
ligand_3472,-9.579
ligand_3473,-9.169
ligand_3474,-8.26
ligand_3475,-9.511
ligand_3476,-6.579
ligand_3477,-7.334
ligand_3478,-5.789
ligand_3479,-7.285
ligand_3480,-7.159
ligand_3481,-7.057
ligand_3482,-5.74
ligand_3483,-9.444
ligand_3484,-6.841
ligand_3485,-5.923
ligand_3486,-6.083
ligand_3487,-8.388
ligand_3488,-9.894
ligand_3489,-4.111
ligand_3490,-12.38
ligand_3491,-9.26
ligand_3492,-7.175
ligand_3493,-8.458
ligand_3494,-9.536
ligand_3495,-8.738
ligand_3496,-6.059
ligand_3497,-6.294
ligand_3498,-7
ligand_3499,-5.999
ligand_3500,-5.784
ligand_3501,-7.511
ligand_3502,-8.712
ligand_3503,-6.896
ligand_3504,-6.801
ligand_3505,-8.294
ligand_3506,-7.472
ligand_3507,-6.158
ligand_3508,-7.908
ligand_3509,-8.795
ligand_3510,-10.93
ligand_3511,-7.554
ligand_3512,-10.24
ligand_3513,-9.058
ligand_3514,-3.787
ligand_3515,-7.591
ligand_3516,-8.086
ligand_3517,-8.732
ligand_3518,-6.177
ligand_3519,-9.665
ligand_3520,-5.631
ligand_3521,-8.856
ligand_3522,-8.97
ligand_3523,-10.32
ligand_3524,-6.163
ligand_3525,-7.525
ligand_3526,-7.367
ligand_3527,-6.938
ligand_3528,-6.01
ligand_3529,-7.979
ligand_3530,-6.09
ligand_3531,-4.729
ligand_3532,-4.666
ligand_3533,-6.081
ligand_3534,-8.851
ligand_3535,-6.556
ligand_3536,-8.119
ligand_3537,-6.579
ligand_3538,-3.016
ligand_3539,-7.39
ligand_3540,-10.74
ligand_3541,-8.639
ligand_3542,-7.979
ligand_3543,-6.719
ligand_3544,-8.94
ligand_3545,-7.438
ligand_3546,-7.89
ligand_3547,-4.716
ligand_3548,-8.939
ligand_3549,-5.601
ligand_3550,-7.279
ligand_3551,-8.782
ligand_3552,-5.913
ligand_3553,-6.491
ligand_3554,-10.28
ligand_3555,-5.844
ligand_3556,-6.217
ligand_3557,-7.162
ligand_3558,-6.582
ligand_3559,-8.53
ligand_3560,-6.919
ligand_3561,-5.293
ligand_3562,-8.058
ligand_3563,-5.124
ligand_3564,-8.564
ligand_3565,-4.225
ligand_3566,-7.305
ligand_3567,-4.585
ligand_3568,-4.491
ligand_3569,-6.43
ligand_3570,-3.721
ligand_3571,-6.373
ligand_3572,-7.182
ligand_3573,-8.944
ligand_3574,-5.225
ligand_3575,-7.668
ligand_3576,-5.833
ligand_3577,-3.559
ligand_3578,-8.837
ligand_3579,-4.958
ligand_3580,-6.703
ligand_3581,-9.623
ligand_3582,-7.44
ligand_3583,-5.361
ligand_3584,-5.617
ligand_3585,-5.415
ligand_3586,-7.34
ligand_3587,-7.151
ligand_3588,-10
ligand_3589,-8.589
ligand_3590,-7.272
ligand_3591,-7.155
ligand_3592,-9.502
ligand_3593,-5.258
ligand_3594,-5.82
ligand_3595,-6.645
ligand_3596,-9.131
ligand_3597,-8.436
ligand_3598,-6.722
ligand_3599,-6.432
ligand_3600,-6.858
ligand_3601,-8.905
ligand_3602,-7.117
ligand_3603,-6.323
ligand_3604,-4.875
ligand_3605,-6.251
ligand_3606,-6.812
ligand_3607,-5.053
ligand_3608,-7.327
ligand_3609,-6.784
ligand_3610,-7.913
ligand_3611,-8.32
ligand_3612,-8.557
ligand_3613,-8.876
ligand_3614,-8.778
ligand_3615,-6.983
ligand_3616,-6.044
ligand_3617,-8.255
ligand_3618,-6.96
ligand_3619,-5.557
ligand_3620,-3.691
ligand_3621,-5.376
ligand_3622,-9.082
ligand_3623,-4.144
ligand_3624,-4.963
ligand_3625,-4.857
ligand_3626,-9.49
ligand_3627,-4.884
ligand_3628,-6.288
ligand_3629,-8.662
ligand_3630,-7.482
ligand_3631,-5.451
ligand_3632,-4.691
ligand_3633,-6.506
ligand_3634,-6.206
ligand_3635,-6.407
ligand_3636,-7.041
ligand_3637,-7.958
ligand_3638,-8.223
ligand_3639,-7.838
ligand_3640,-6.919
ligand_3641,-6.51
ligand_3642,-7.27
ligand_3643,-5.969
ligand_3644,-4.583
ligand_3645,-6
ligand_3646,-6.404
ligand_3647,-5.839
ligand_3648,-6.49
ligand_3649,-6.368
ligand_3650,-6.706
ligand_3651,-9.586
ligand_3652,-8.299
ligand_3653,-8.656
ligand_3654,-8.177
ligand_3655,-8.1
ligand_3656,-8.559
ligand_3657,-4.102
ligand_3658,-8.795
ligand_3659,-8.26
ligand_3660,-7.27
ligand_3661,-7.786
ligand_3662,-6.413
ligand_3663,-8.127
ligand_3664,-8.917
ligand_3665,-6.682
ligand_3666,-6.038
ligand_3667,-6.575
ligand_3668,-6.972
ligand_3669,-5.789
ligand_3670,-8.593
ligand_3671,-6.784
ligand_3672,-7.074
ligand_3673,-4.588
ligand_3674,-8.041
ligand_3675,-7.388
ligand_3676,-6.983
ligand_3677,-6.863
ligand_3678,-7.834
ligand_3679,-5.872
ligand_3680,-7.458
ligand_3681,-5.998
ligand_3682,-8.785
ligand_3683,-7.227
ligand_3684,-9.345
ligand_3685,-6.43
ligand_3686,-5.417
ligand_3687,-6.662
ligand_3688,-7.095
ligand_3689,-3.232
ligand_3690,-7.468
ligand_3691,-5.767
ligand_3692,-6.958
ligand_3693,-4.91
ligand_3694,-7.583
ligand_3695,-8.06
ligand_3696,-9.356
ligand_3697,-7.071
ligand_3698,-7.404
ligand_3699,-8.967
ligand_3700,-8.12
ligand_3701,-3.755
ligand_3702,-7.009
ligand_3703,-6.31
ligand_3704,-6.28
ligand_3705,-7.45
ligand_3706,-8.961
ligand_3707,-4.757
ligand_3708,-7.775
ligand_3709,-6.482
ligand_3710,-7.513
ligand_3711,-8.761
ligand_3712,-8.862
ligand_3713,-9.38
ligand_3714,-8.547
ligand_3715,-8.998
ligand_3716,-7.657
ligand_3717,-8.669
ligand_3718,-4.8
ligand_3719,-8.438
ligand_3720,-4.139
ligand_3721,-4.989
ligand_3722,-4.322
ligand_3723,-7.735
ligand_3724,-7.947
ligand_3725,-8.743
ligand_3726,-7.862
ligand_3727,-7.866
ligand_3728,-5.431
ligand_3729,-7.919
ligand_3730,-6.162
ligand_3731,-9.042
ligand_3732,-7.498
ligand_3733,-6.278
ligand_3734,-4.47
ligand_3735,-5.544
ligand_3736,-4.725
ligand_3737,-8.672
ligand_3738,-7.794
ligand_3739,-10.49
ligand_3740,-8.191
ligand_3741,-3.706
ligand_3742,-5.508
ligand_3743,-7.033
ligand_3744,-7.278
ligand_3745,-8.64
ligand_3746,-9.93
ligand_3747,-6.57
ligand_3748,-10.4
ligand_3749,-7.628
ligand_3750,-9.29
ligand_3751,-4.399
ligand_3752,-6.226
ligand_3753,-7.098
ligand_3754,-8.443
ligand_3755,-6.546
ligand_3756,-6.794
ligand_3757,-7.275
ligand_3758,-6.892
ligand_3759,-6.929
ligand_3760,-6.589
ligand_3761,-6.543
ligand_3762,-9.237
ligand_3763,-5.998
ligand_3764,-7.277
ligand_3765,-8.98
ligand_3766,-10.54
ligand_3767,-5.743
ligand_3768,-6.518
ligand_3769,-8.962
ligand_3770,-4.622
ligand_3771,-6.596
ligand_3772,-7.334
ligand_3773,-9.332
ligand_3774,-5.369
ligand_3775,-5.854
ligand_3776,-9.536
ligand_3777,-9.111
ligand_3778,-8.268
ligand_3779,-9.09
ligand_3780,-6.076
ligand_3781,-9.99
ligand_3782,-6.746
ligand_3783,-6.717
ligand_3784,-9.861
ligand_3785,-7.386
ligand_3786,-6.02
ligand_3787,-6.24
ligand_3788,-6.847
ligand_3789,-9.614
ligand_3790,-8.007
ligand_3791,-3.35
ligand_3792,-4.557
ligand_3793,-5.671
ligand_3794,-4.942
ligand_3795,-4.686
ligand_3796,-5.53
ligand_3797,-6.782
ligand_3798,-6.951
ligand_3799,-9.015
ligand_3800,-9.142
ligand_3801,-8.247
ligand_3802,-5.932
ligand_3803,-7.821
ligand_3804,-4.528
ligand_3805,-7.494
ligand_3806,-6.445
ligand_3807,-4.735
ligand_3808,-5.86
ligand_3809,-4.812
ligand_3810,-7.824
ligand_3811,-7.066
ligand_3812,-7.962
ligand_3813,-7.249
ligand_3814,-10.31
ligand_3815,-8.872
ligand_3816,-8.015
ligand_3817,-6.631
ligand_3818,-5.836
ligand_3819,-6.029
ligand_3820,-9.248
ligand_3821,-7.882
ligand_3822,-6.774
ligand_3823,-5.398
ligand_3824,-8.64
ligand_3825,-8.908
ligand_3826,-5.084
ligand_3827,-6.171
ligand_3828,-3.837
ligand_3829,-9.36
ligand_3830,-8.663
ligand_3831,-8.032
ligand_3832,-5.762
ligand_3833,-6.669
ligand_3834,-5.3
ligand_3835,-6.093
ligand_3836,-6.418
ligand_3837,-7.462
ligand_3838,-7.648
ligand_3839,-5.622
ligand_3840,-7.307
ligand_3841,-6.682
ligand_3842,-10.37
ligand_3843,-8.587
ligand_3844,-8.403
ligand_3845,-6.095
ligand_3846,-6.503
ligand_3847,-5.793
ligand_3848,-8.52
ligand_3849,-9.035
ligand_3850,-3.337
ligand_3851,-11.17
ligand_3852,-6.972
ligand_3853,-5.966
ligand_3854,-9.257
ligand_3855,-10.69
ligand_3856,-9.077
ligand_3857,-7.726
ligand_3858,-6.513
ligand_3859,-4.188
ligand_3860,-5.769
ligand_3861,-5.417
ligand_3862,-7.546
ligand_3863,-6.518
ligand_3864,-9.296
ligand_3865,-7.719
ligand_3866,-6.745
ligand_3867,-6.331
ligand_3868,-6.368
ligand_3869,-8.736
ligand_3870,-11.08
ligand_3871,-4.67
ligand_3872,-3.025
ligand_3873,-5.863
ligand_3874,-5.853
ligand_3875,-5.944
ligand_3876,-7.622
ligand_3877,-7.399
ligand_3878,-7.356
ligand_3879,-10.25
ligand_3880,-9.471
ligand_3881,-8.138
ligand_3882,-5.633
ligand_3883,-7.23
ligand_3884,-7.745
ligand_3885,-6.263
ligand_3886,-6.439
ligand_3887,-6.806
ligand_3888,-4.149
ligand_3889,-6.55
ligand_3890,-5.163
ligand_3891,-7.741
ligand_3892,-9.276
ligand_3893,-5.98
ligand_3894,-8.74
ligand_3895,-8.635
ligand_3896,-6.45
ligand_3897,-8.948
ligand_3898,-9.595
ligand_3899,-5.434
ligand_3900,-5.512
ligand_3901,-5.945
ligand_3902,-7.584
ligand_3903,-5.572
ligand_3904,-6.07
ligand_3905,-5.832
ligand_3906,-6.103
ligand_3907,-9.131
ligand_3908,-6.909
ligand_3909,-5.592
ligand_3910,-7.567
ligand_3911,-6.318
ligand_3912,-9.022
ligand_3913,-6.264
ligand_3914,-5.789
ligand_3915,-6.897
ligand_3916,-5.835
ligand_3917,-6.164
ligand_3918,-6.396
ligand_3919,-8.746
ligand_3920,-6.358
ligand_3921,-9.195
ligand_3922,-9.794
ligand_3923,-6.696
ligand_3924,-4.567
ligand_3925,-6.864
ligand_3926,-9.148
ligand_3927,-4.459
ligand_3928,-6.681
ligand_3929,-9.035
ligand_3930,-6.604
ligand_3931,-6.155
ligand_3932,-5.744
ligand_3933,-9.57
ligand_3934,-5.44
ligand_3935,-7.732
ligand_3936,-8.252
ligand_3937,-7.768
ligand_3938,-7.886
ligand_3939,-9.285
ligand_3940,-8.266
ligand_3941,-8.22
ligand_3942,-8.243
ligand_3943,-5.947
ligand_3944,-6.878
ligand_3945,-7.178
ligand_3946,-7.635
ligand_3947,-8.498
ligand_3948,-8.335
ligand_3949,-8.665
ligand_3950,-7.332
ligand_3951,-6.926
ligand_3952,-9.575
ligand_3953,-9.495
ligand_3954,-8.677
ligand_3955,-6.392
ligand_3956,-6.708
ligand_3957,-10.74
ligand_3958,-6.089
ligand_3959,-10.87
ligand_3960,-5.208
ligand_3961,-8.916
ligand_3962,-6.4
ligand_3963,-8.272
ligand_3964,-8.043
ligand_3965,-7.011
ligand_3966,-7.017
ligand_3967,-5.713
ligand_3968,-5.446
ligand_3969,-8.842
ligand_3970,-6.602
ligand_3971,-5.947
ligand_3972,-5.037
ligand_3973,-6.137
ligand_3974,-3.217
ligand_3975,-4.003
ligand_3976,-6.374
ligand_3977,-9.026
ligand_3978,-8.16
ligand_3979,-6.08
ligand_3980,-9.074
ligand_3981,-10.42
ligand_3982,-6.583
ligand_3983,-6.737
ligand_3984,-6.433
ligand_3985,-7.613
ligand_3986,-7.813
ligand_3987,-4.104
ligand_3988,-5.509
ligand_3989,-6.086
ligand_3990,-7.757
ligand_3991,-5.761
ligand_3992,-9.627
ligand_3993,-6.843
ligand_3994,-5.788
ligand_3995,-6.189
ligand_3996,-6.402
ligand_3997,-9.906
ligand_3998,-7.428
ligand_3999,-5.454
ligand_4000,-8.192
ligand_4001,-9.187
ligand_4002,-7.496
ligand_4003,-5.235
ligand_4004,-8.997
ligand_4005,-7.759
ligand_4006,-7.464
ligand_4007,-7.524
ligand_4008,-9.493
ligand_4009,-9.235
ligand_4010,-5.803
ligand_4011,-7.837
ligand_4012,-5.718
ligand_4013,-5.87
ligand_4014,-5.751
ligand_4015,-6.985
ligand_4016,-4.153
ligand_4017,-6.115
ligand_4018,-10.63
ligand_4019,-7.038
ligand_4020,-8.867
ligand_4021,-8.778
ligand_4022,-8.678
ligand_4023,-6.667
ligand_4024,-9.811
ligand_4025,-7.448
ligand_4026,-9.213
ligand_4027,-6.007
ligand_4028,-5.979
ligand_4029,-8.691
ligand_4030,-8.795
ligand_4031,-6.101
ligand_4032,-10.13
ligand_4033,-7.621
ligand_4034,-10.89
ligand_4035,-7.579
ligand_4036,-8.231
ligand_4037,-5.173
ligand_4038,-5.477
ligand_4039,-5.613
ligand_4040,-8.005
ligand_4041,-6.039
ligand_4042,-10.17
ligand_4043,-7.267
ligand_4044,-7.871
ligand_4045,-6.933
ligand_4046,-7.108
ligand_4047,-9.376
ligand_4048,-8.726
ligand_4049,-6.326
ligand_4050,-7.879
ligand_4051,-8.354
ligand_4052,-7.577
ligand_4053,-9.811
ligand_4054,-7.714
ligand_4055,-5.822
ligand_4056,-7.342
ligand_4057,-6.251
ligand_4058,-4.205
ligand_4059,-8.796
ligand_4060,-4.769
ligand_4061,-8.749
ligand_4062,-5.53
ligand_4063,-9.059
ligand_4064,-9.965
ligand_4065,-7.316
ligand_4066,-8.443
ligand_4067,-6.889
ligand_4068,-9.53
ligand_4069,-6.044
ligand_4070,-6.258
ligand_4071,-9.034
ligand_4072,-4.243
ligand_4073,-8.037
ligand_4074,-7.088
ligand_4075,-7.622
ligand_4076,-5.481
ligand_4077,-8.577
ligand_4078,-5.32
ligand_4079,-3.257
ligand_4080,-5.832
ligand_4081,-7.725
ligand_4082,-5.837
ligand_4083,-4.143
ligand_4084,-4.637
ligand_4085,-6.065
ligand_4086,-8.928
ligand_4087,-4.223
ligand_4088,-5.447
ligand_4089,-7.178
ligand_4090,-6.681
ligand_4091,-5.932
ligand_4092,-6.653
ligand_4093,-9.775
ligand_4094,-10.25
ligand_4095,-11.19
ligand_4096,-7.208
ligand_4097,-6.02
ligand_4098,-5.939
ligand_4099,-7.871
ligand_4100,-6.532
ligand_4101,-6.557
ligand_4102,-10.24
ligand_4103,-9.193
ligand_4104,-8.409
ligand_4105,-7.189
ligand_4106,-8.404
ligand_4107,-6.938
ligand_4108,-7.205
ligand_4109,-6.322
ligand_4110,-5.538
ligand_4111,-6.503
ligand_4112,-6.883
ligand_4113,-5.115
ligand_4114,-6.677
ligand_4115,-6.256
ligand_4116,-6.429
ligand_4117,-7.038
ligand_4118,-7.969
ligand_4119,-8.041
ligand_4120,-6.02
ligand_4121,-7.335
ligand_4122,-6.488
ligand_4123,-7.51
ligand_4124,-8.363
ligand_4125,-9.198
ligand_4126,-8.119
ligand_4127,-9.434
ligand_4128,-10.11
ligand_4129,-6.358
ligand_4130,-5.837
ligand_4131,-9.778
ligand_4132,-6.158
ligand_4133,-6.201
ligand_4134,-5.024
ligand_4135,-8.383
ligand_4136,-4.083
ligand_4137,-5.962
ligand_4138,-8.452
ligand_4139,-6.03
ligand_4140,-8.916
ligand_4141,-6.329
ligand_4142,-5.964
ligand_4143,-6.248
ligand_4144,-3.857
ligand_4145,-4.057
ligand_4146,-6.74
ligand_4147,-5.807
ligand_4148,-5.201
ligand_4149,-7.237
ligand_4150,-8.095
ligand_4151,-8.435
ligand_4152,-6.514
ligand_4153,-6.936
ligand_4154,-7.303
ligand_4155,-8.939
ligand_4156,-8.848
ligand_4157,-9.234
ligand_4158,-5.564
ligand_4159,-8.772
ligand_4160,-8.563
ligand_4161,-6.456
ligand_4162,-7.961
ligand_4163,-8.169
ligand_4164,-7.533
ligand_4165,-10.1
ligand_4166,-6.153
ligand_4167,-6.656
ligand_4168,-6.502
ligand_4169,-8.884
ligand_4170,-5.369
ligand_4171,-9.07
ligand_4172,-4.1
ligand_4173,-7.957
ligand_4174,-5.966
ligand_4175,-5.932
ligand_4176,-7.164
ligand_4177,-6.346
ligand_4178,-8.117
ligand_4179,-7.873
ligand_4180,-10.1
ligand_4181,-6.03
ligand_4182,-6.185
ligand_4183,-9.224
ligand_4184,-8.116
ligand_4185,-5.564
ligand_4186,-4.417
ligand_4187,-5.848
ligand_4188,-4.573
ligand_4189,-6.523
ligand_4190,-5.889
ligand_4191,-7.24
ligand_4192,-9.77
ligand_4193,-9.027
ligand_4194,-5.51
ligand_4195,-4.661
ligand_4196,-4.746
ligand_4197,-8.397
ligand_4198,-5.835
ligand_4199,-8.093
ligand_4200,-8.856
ligand_4201,-7.299
ligand_4202,-8.431
ligand_4203,-7.005
ligand_4204,-9.626
ligand_4205,-5.028
ligand_4206,-7.996
ligand_4207,-8.944
ligand_4208,-6.621
ligand_4209,-9.147
ligand_4210,-6.736
ligand_4211,-8.397
ligand_4212,-6.708
ligand_4213,-8.171
ligand_4214,-9.473
ligand_4215,-9.453
ligand_4216,-5.123
ligand_4217,-8.13
ligand_4218,-4.855
ligand_4219,-7.757
ligand_4220,-6.444
ligand_4221,-6.457
ligand_4222,-6.644
ligand_4223,-7.557
ligand_4224,-7.195
ligand_4225,-7.458
ligand_4226,-9.578
ligand_4227,-6.515
ligand_4228,-6.62
ligand_4229,-8.794
ligand_4230,-8.933
ligand_4231,-8.358
ligand_4232,-5.946
ligand_4233,-8.239
ligand_4234,-6.413
ligand_4235,-3.007
ligand_4236,-6.033
ligand_4237,-7.991
ligand_4238,-8.85
ligand_4239,-6.673
ligand_4240,-7.505
ligand_4241,-8.354
ligand_4242,-6.358
ligand_4243,-5.523
ligand_4244,-4.965
ligand_4245,-7.506
ligand_4246,-6.82
ligand_4247,-6.271
ligand_4248,-7.807
ligand_4249,-6.366
ligand_4250,-4.631
ligand_4251,-7.381
ligand_4252,-3.949
ligand_4253,-8.352
ligand_4254,-8.052
ligand_4255,-7.431
ligand_4256,-8.274
ligand_4257,-8.878
ligand_4258,-7.824
ligand_4259,-5.048
ligand_4260,-5.651
ligand_4261,-3.611
ligand_4262,-10.09
ligand_4263,-6.006
ligand_4264,-7.168
ligand_4265,-3.477
ligand_4266,-7.711
ligand_4267,-5.747
ligand_4268,-8.487
ligand_4269,-6.53
ligand_4270,-7.143
ligand_4271,-8.358
ligand_4272,-7.145
ligand_4273,-6.162
ligand_4274,-6.151
ligand_4275,-10.5
ligand_4276,-8.225
ligand_4277,-8.384
ligand_4278,-7.128
ligand_4279,-7.575
ligand_4280,-7.27
ligand_4281,-6.56
ligand_4282,-5.886
ligand_4283,-4.565
ligand_4284,-6.826
ligand_4285,-5.766
ligand_4286,-7.326
ligand_4287,-6.891
ligand_4288,-6.863
ligand_4289,-7.448
ligand_4290,-7.939
ligand_4291,-5.348
ligand_4292,-8.027
ligand_4293,-3.407
ligand_4294,-6.611
ligand_4295,-8.768
ligand_4296,-9.232
ligand_4297,-7.934
ligand_4298,-5.84
ligand_4299,-9.767
ligand_4300,-8.332
ligand_4301,-7.422
ligand_4302,-9.409
ligand_4303,-10.15
ligand_4304,-6.859
ligand_4305,-7.478
ligand_4306,-5.916
ligand_4307,-4.868
ligand_4308,-6.207
ligand_4309,-3.97
ligand_4310,-6.093
ligand_4311,-6.28
ligand_4312,-6.025
ligand_4313,-6.758
ligand_4314,-8.424
ligand_4315,-6.618
ligand_4316,-5.787
ligand_4317,-5.391
ligand_4318,-14.14
ligand_4319,-7.841
ligand_4320,-6.057
ligand_4321,-7.888
ligand_4322,-7.539
ligand_4323,-7.862
ligand_4324,-4.018
ligand_4325,-6.434
ligand_4326,-7.018
ligand_4327,-7.119
ligand_4328,-6.287
ligand_4329,-5.821
ligand_4330,-7.402
ligand_4331,-7.899
ligand_4332,-10.27
ligand_4333,-8.007
ligand_4334,-8.258
ligand_4335,-10.26
ligand_4336,-7.088
ligand_4337,-7.311
ligand_4338,-8.059
ligand_4339,-4.119
ligand_4340,-6.088
ligand_4341,-8.083
ligand_4342,-7.096
ligand_4343,-6.755
ligand_4344,-6.159
ligand_4345,-6.533
ligand_4346,-6.19
ligand_4347,-8.626
ligand_4348,-12.39
ligand_4349,-5.414
ligand_4350,-6.543
ligand_4351,-9.049
ligand_4352,-8.331
ligand_4353,-6.919
ligand_4354,-6.617
ligand_4355,-6.156
ligand_4356,-7.187
ligand_4357,-5.291
ligand_4358,-7.03
ligand_4359,-8.595
ligand_4360,-9.109
ligand_4361,-6.952
ligand_4362,-6.245
ligand_4363,-4.382
ligand_4364,-6.635
ligand_4365,-3.415
ligand_4366,-6.849
ligand_4367,-9.542
ligand_4368,-4.564
ligand_4369,-4.711
ligand_4370,-8.164
ligand_4371,-6.027
ligand_4372,-6.433
ligand_4373,-4.142
ligand_4374,-8.145
ligand_4375,-5.902
ligand_4376,-8.764
ligand_4377,-10.52
ligand_4378,-9.034
ligand_4379,-10.17
ligand_4380,-6.405
ligand_4381,-8.53
ligand_4382,-8.974
ligand_4383,-6.008
ligand_4384,-6.627
ligand_4385,-6.768
ligand_4386,-6.428
ligand_4387,-6.518
ligand_4388,-5.944
ligand_4389,-9.741
ligand_4390,-6.938
ligand_4391,-7.902
ligand_4392,-10.29
ligand_4393,-6.16
ligand_4394,-6.406
ligand_4395,-8.822
ligand_4396,-9.041
ligand_4397,-6.186
ligand_4398,-6.18
ligand_4399,-5
ligand_4400,-9.136
ligand_4401,-7.031
ligand_4402,-5.474
ligand_4403,-5.926
ligand_4404,-9.368
ligand_4405,-8.988
ligand_4406,-10.75
ligand_4407,-6.284
ligand_4408,-6.628
ligand_4409,-8.559
ligand_4410,-7.799
ligand_4411,-9.836
ligand_4412,-7.712
ligand_4413,-5.546
ligand_4414,-8.231
ligand_4415,-8.537
ligand_4416,-8.589
ligand_4417,-7.595
ligand_4418,-9.003
ligand_4419,-6.204
ligand_4420,-3.507
ligand_4421,-9.609
ligand_4422,-7.244
ligand_4423,-5.813
ligand_4424,-6.353
ligand_4425,-9.175
ligand_4426,-6.263
ligand_4427,-7.443
ligand_4428,-8.945
ligand_4429,-9.251
ligand_4430,-8.779
ligand_4431,-6.933
ligand_4432,-6.432
ligand_4433,-8.428
ligand_4434,-8.133
ligand_4435,-8.415
ligand_4436,-8.806
ligand_4437,-6.834
ligand_4438,-4.513
ligand_4439,-8.961
ligand_4440,-7.571
ligand_4441,-6.333
ligand_4442,-9.042
ligand_4443,-8.682
ligand_4444,-7.508
ligand_4445,-8.066
ligand_4446,-10.36
ligand_4447,-5.695
ligand_4448,-7.74
ligand_4449,-6.004
ligand_4450,-9.071
ligand_4451,-5.144
ligand_4452,-8.155
ligand_4453,-7.323
ligand_4454,-9.605
ligand_4455,-7.595
ligand_4456,-7.773
ligand_4457,-5.969
ligand_4458,-9.579
ligand_4459,-7.14
ligand_4460,-7.675
ligand_4461,-6.577
ligand_4462,-8.836
ligand_4463,-7.782
ligand_4464,-8.774
ligand_4465,-8.501
ligand_4466,-5.94
ligand_4467,-9.191
ligand_4468,-6.053
ligand_4469,-7.405
ligand_4470,-8.532
ligand_4471,-9.168
ligand_4472,-6.776
ligand_4473,-5.663
ligand_4474,-6.605
ligand_4475,-7.951
ligand_4476,-6.967
ligand_4477,-7.194
ligand_4478,-6.42
ligand_4479,-8.813
ligand_4480,-7.673
ligand_4481,-6.565
ligand_4482,-5.693
ligand_4483,-9.219
ligand_4484,-6.27
ligand_4485,-5.347
ligand_4486,-8.753
ligand_4487,-7.168
ligand_4488,-8.394
ligand_4489,-6.97
ligand_4490,-4.483
ligand_4491,-7.286
ligand_4492,-8.4
ligand_4493,-5.767
ligand_4494,-3.442
ligand_4495,-4.682
ligand_4496,-7.228
ligand_4497,-7.49
ligand_4498,-6.163
ligand_4499,-7.159
ligand_4500,-10.2
ligand_4501,-8.766
ligand_4502,-5.891
ligand_4503,-6.415
ligand_4504,-8.871
ligand_4505,-8.497
ligand_4506,-7.652
ligand_4507,-5.844
ligand_4508,-6.568
ligand_4509,-8.627
ligand_4510,-7.678
ligand_4511,-7.951
ligand_4512,-9.548
ligand_4513,-7.92
ligand_4514,-9.582
ligand_4515,-5.791
ligand_4516,-6.262
ligand_4517,-5.527
ligand_4518,-7.44
ligand_4519,-8.428
ligand_4520,-9.056
ligand_4521,-7.502
ligand_4522,-7.589
ligand_4523,-7.829
ligand_4524,-7.287
ligand_4525,-7.223
ligand_4526,-6.157
ligand_4527,-8.029
ligand_4528,-5.668
ligand_4529,-6.648
ligand_4530,-8.583
ligand_4531,-7.072
ligand_4532,-7.98
ligand_4533,-4.667
ligand_4534,-5.309
ligand_4535,-5.757
ligand_4536,-4.191
ligand_4537,-6.021
ligand_4538,-4.478
ligand_4539,-9.455
ligand_4540,-8.979
ligand_4541,-8.207
ligand_4542,-7.087
ligand_4543,-9.632
ligand_4544,-6.12
ligand_4545,-6.838
ligand_4546,-7.388
ligand_4547,-8.578
ligand_4548,-8.47
ligand_4549,-4.992
ligand_4550,-7.46
ligand_4551,-8.656
ligand_4552,-4.229
ligand_4553,-6.185
ligand_4554,-7.521
ligand_4555,-9.205
ligand_4556,-8.836
ligand_4557,-7.376
ligand_4558,-4.114
ligand_4559,-9.204
ligand_4560,-8.268
ligand_4561,-6.72
ligand_4562,-6.646
ligand_4563,-3.39
ligand_4564,-7.146
ligand_4565,-9.526
ligand_4566,-7.143
ligand_4567,-8.4
ligand_4568,-7.39
ligand_4569,-9.889
ligand_4570,-3.995
ligand_4571,-8.708
ligand_4572,-6.363
ligand_4573,-4.738
ligand_4574,-9.388
ligand_4575,-7.433
ligand_4576,-8.05
ligand_4577,-6.404
ligand_4578,-6.944
ligand_4579,-7.83
ligand_4580,-6.929
ligand_4581,-7.005
ligand_4582,-6.676
ligand_4583,-10.27
ligand_4584,-7.645
ligand_4585,-8.58
ligand_4586,-5.898
ligand_4587,-10.1
ligand_4588,-7.305
ligand_4589,-7.259
ligand_4590,-7.718
ligand_4591,-5.771
ligand_4592,-4.124
ligand_4593,-6.019
ligand_4594,-5.962
ligand_4595,-6.672
ligand_4596,-3.799
ligand_4597,-9.396
ligand_4598,-5.661
ligand_4599,-5.512
ligand_4600,-7.623
ligand_4601,-6.075
ligand_4602,-5.999
ligand_4603,-6.253
ligand_4604,-9.733
ligand_4605,-6.159
ligand_4606,-8.678
ligand_4607,-8.506
ligand_4608,-7.391
ligand_4609,-4.045
ligand_4610,-4.749
ligand_4611,-6.666
ligand_4612,-5.969
ligand_4613,-3.763
ligand_4614,-4.529
ligand_4615,-10.56
ligand_4616,-6.279
ligand_4617,-6.962
ligand_4618,-6.838
ligand_4619,-8.317
ligand_4620,-8.71
ligand_4621,-7.213
ligand_4622,-5.572
ligand_4623,-6.674
ligand_4624,-6.418
ligand_4625,-6.449
ligand_4626,-5.807
ligand_4627,-10.06
ligand_4628,-8.001
ligand_4629,-8.766
ligand_4630,-4.626
ligand_4631,-8.508
ligand_4632,-7.119
ligand_4633,-7.641
ligand_4634,-4.766
ligand_4635,-7.841
ligand_4636,-7.954
ligand_4637,-9.023
ligand_4638,-8.444
ligand_4639,-10.32
ligand_4640,-7.096
ligand_4641,-7.628
ligand_4642,-9.027
ligand_4643,-9.691
ligand_4644,-6.69
ligand_4645,-6.938
ligand_4646,-6.126
ligand_4647,-14.74
ligand_4648,-10.19
ligand_4649,-5.873
ligand_4650,-8.306
ligand_4651,-8.865
ligand_4652,-7.382
ligand_4653,-8.88
ligand_4654,-6.008
ligand_4655,-4.746
ligand_4656,-7.974
ligand_4657,-7.054
ligand_4658,-9.48
ligand_4659,-8.267
ligand_4660,-6.627
ligand_4661,-8.251
ligand_4662,-4.611
ligand_4663,-5.76
ligand_4664,-6.101
ligand_4665,-6.428
ligand_4666,-7.894
ligand_4667,-6.456
ligand_4668,-8.968
ligand_4669,-6.427
ligand_4670,-7.412
ligand_4671,-8.374
ligand_4672,-7.285
ligand_4673,-6.849
ligand_4674,-6.916
ligand_4675,-7.248
ligand_4676,-8.883
ligand_4677,-5.598
ligand_4678,-6.648
ligand_4679,-4.099
ligand_4680,-3.457
ligand_4681,-3.008
ligand_4682,-5.018
ligand_4683,-5.867
ligand_4684,-6.022
ligand_4685,-7.625
ligand_4686,-7.976
ligand_4687,-8.237
ligand_4688,-5.366
ligand_4689,-7.061
ligand_4690,-7.97
ligand_4691,-8.125
ligand_4692,-5.745
ligand_4693,-8.757
ligand_4694,-6.47
ligand_4695,-6.076
ligand_4696,-8.871
ligand_4697,-6.34
ligand_4698,-7.215
ligand_4699,-6.475
ligand_4700,-4.869
ligand_4701,-6.58
ligand_4702,-7.145
ligand_4703,-3.341
ligand_4704,-6.675
ligand_4705,-7.043
ligand_4706,-6.823
ligand_4707,-9.146
ligand_4708,-8.724
ligand_4709,-6.108
ligand_4710,-7.018
ligand_4711,-9.362
ligand_4712,-8.691
ligand_4713,-8.116
ligand_4714,-6.709
ligand_4715,-9.538
ligand_4716,-4.52
ligand_4717,-7.49
ligand_4718,-7.127
ligand_4719,-8.163
ligand_4720,-3.679
ligand_4721,-8.428
ligand_4722,-6.528
ligand_4723,-7.064
ligand_4724,-7.951
ligand_4725,-8.93
ligand_4726,-10.28
ligand_4727,-5.854
ligand_4728,-8.759
ligand_4729,-7.796
ligand_4730,-7.29
ligand_4731,-8.513
ligand_4732,-4.995
ligand_4733,-6.814
ligand_4734,-9.106
ligand_4735,-6.274
ligand_4736,-8.261
ligand_4737,-5.481
ligand_4738,-5.928
ligand_4739,-8.87
ligand_4740,-5.744
ligand_4741,-8.126
ligand_4742,-6.547
ligand_4743,-8.495
ligand_4744,-4.862
ligand_4745,-7.897
ligand_4746,-9.745
ligand_4747,-7.848
ligand_4748,-7.525
ligand_4749,-5.039
ligand_4750,-6.408
ligand_4751,-8.792
ligand_4752,-6.092
ligand_4753,-7.705
ligand_4754,-9.641
ligand_4755,-6.924
ligand_4756,-8.708
ligand_4757,-7.226
ligand_4758,-7.064
ligand_4759,-6.061
ligand_4760,-8.082
ligand_4761,-7.152
ligand_4762,-3.973
ligand_4763,-4.947
ligand_4764,-6.167
ligand_4765,-6.707
ligand_4766,-6.315
ligand_4767,-5.449
ligand_4768,-6.013
ligand_4769,-8.25
ligand_4770,-7.058
ligand_4771,-7.968
ligand_4772,-7.57
ligand_4773,-4.231
ligand_4774,-6.295
ligand_4775,-5.567
ligand_4776,-7.237
ligand_4777,-8.87
ligand_4778,-9.39
ligand_4779,-6.099
ligand_4780,-8.221
ligand_4781,-9.372
ligand_4782,-6.155
ligand_4783,-7.047
ligand_4784,-6.792
ligand_4785,-7.076
ligand_4786,-6.113
ligand_4787,-8.311
ligand_4788,-6.009
ligand_4789,-10.55
ligand_4790,-6.293
ligand_4791,-8.831
ligand_4792,-6.01
ligand_4793,-5.084
ligand_4794,-6.821
ligand_4795,-7.19
ligand_4796,-8.173
ligand_4797,-8.747
ligand_4798,-10.22
ligand_4799,-6.455
ligand_4800,-4.077
ligand_4801,-6.773
ligand_4802,-6.023
ligand_4803,-8.718
ligand_4804,-10
ligand_4805,-11.12
ligand_4806,-6.297
ligand_4807,-5.952
ligand_4808,-8.57
ligand_4809,-8.008
ligand_4810,-7.393
ligand_4811,-9.159
ligand_4812,-9.1
ligand_4813,-6.19
ligand_4814,-7.202
ligand_4815,-8.603
ligand_4816,-6.692
ligand_4817,-10.19
ligand_4818,-7.637
ligand_4819,-6.237
ligand_4820,-7.648
ligand_4821,-9.546
ligand_4822,-9.382
ligand_4823,-6.344
ligand_4824,-8.247
ligand_4825,-8.532
ligand_4826,-10.76
ligand_4827,-7.274
ligand_4828,-7.744
ligand_4829,-8.616
ligand_4830,-9.042
ligand_4831,-9.094
ligand_4832,-10.28
ligand_4833,-8.366
ligand_4834,-7.495
ligand_4835,-7.491
ligand_4836,-7.19
ligand_4837,-7.365
ligand_4838,-4.79
ligand_4839,-7.744
ligand_4840,-6.268
ligand_4841,-9.123
ligand_4842,-6.74
ligand_4843,-7.76
ligand_4844,-6.599
ligand_4845,-5.891
ligand_4846,-7.407
ligand_4847,-6.15
ligand_4848,-10.39
ligand_4849,-5.914
ligand_4850,-5.91
ligand_4851,-4.707
ligand_4852,-5.764
ligand_4853,-6.392
ligand_4854,-8.582
ligand_4855,-8.845
ligand_4856,-7.489
ligand_4857,-3.873
ligand_4858,-7.952
ligand_4859,-5.867
ligand_4860,-11.19
ligand_4861,-8.719
ligand_4862,-6.553
ligand_4863,-5.733
ligand_4864,-7.602
ligand_4865,-7.815
ligand_4866,-6.565
ligand_4867,-6.663
ligand_4868,-7.129
ligand_4869,-8.607
ligand_4870,-9.701
ligand_4871,-10.3
ligand_4872,-7.518
ligand_4873,-8.827
ligand_4874,-9.549
ligand_4875,-8.485
ligand_4876,-7.389
ligand_4877,-5.834
ligand_4878,-7.106
ligand_4879,-7.073
ligand_4880,-4.993
ligand_4881,-3.485
ligand_4882,-4.557
ligand_4883,-6.883
ligand_4884,-6.911
ligand_4885,-9.571
ligand_4886,-5.134
ligand_4887,-8.572
ligand_4888,-8.233
ligand_4889,-7.776
ligand_4890,-6.251
ligand_4891,-8.868
ligand_4892,-7.123
ligand_4893,-11.69
ligand_4894,-5.702
ligand_4895,-7.982
ligand_4896,-7.507
ligand_4897,-5.556
ligand_4898,-5.702
ligand_4899,-7.695
ligand_4900,-5.852
ligand_4901,-4.492
ligand_4902,-3.965
ligand_4903,-6.78
ligand_4904,-9.009
ligand_4905,-8.108
ligand_4906,-6.324
ligand_4907,-6.431
ligand_4908,-8.214
ligand_4909,-8.694
ligand_4910,-8.73
ligand_4911,-9.237
ligand_4912,-5.678
ligand_4913,-4.526
ligand_4914,-9.858
ligand_4915,-7.237
ligand_4916,-4.82
ligand_4917,-6.317
ligand_4918,-8.587
ligand_4919,-6.227
ligand_4920,-5.479
ligand_4921,-6.26
ligand_4922,-7.687
ligand_4923,-9.083
ligand_4924,-6.328
ligand_4925,-6.991
ligand_4926,-10.2
ligand_4927,-7.212
ligand_4928,-9.581
ligand_4929,-5.331
ligand_4930,-9.231
ligand_4931,-4.068
ligand_4932,-6.368
ligand_4933,-7.634
ligand_4934,-7.826
ligand_4935,-9.182
ligand_4936,-5.931
ligand_4937,-8.08
ligand_4938,-5.356
ligand_4939,-5.825
ligand_4940,-5.419
ligand_4941,-7.274
ligand_4942,-6.375
ligand_4943,-6.056
ligand_4944,-7.825
ligand_4945,-5.94
ligand_4946,-7.166
ligand_4947,-9.673
ligand_4948,-9.265
ligand_4949,-9.107
ligand_4950,-6.656
ligand_4951,-8.262
ligand_4952,-4.506
ligand_4953,-8.749
ligand_4954,-7.14
ligand_4955,-6.506
ligand_4956,-4.621
ligand_4957,-7.204
ligand_4958,-8.115
ligand_4959,-5.59
ligand_4960,-8.527
ligand_4961,-5.967
ligand_4962,-6.347
ligand_4963,-6.242
ligand_4964,-7.178
ligand_4965,-6.094
ligand_4966,-6.405
ligand_4967,-8.214
ligand_4968,-5.857
ligand_4969,-8.653
ligand_4970,-3.694
ligand_4971,-8.725
ligand_4972,-6.672
ligand_4973,-9.4
ligand_4974,-8.89
ligand_4975,-8.94
ligand_4976,-7.606
ligand_4977,-8.322
ligand_4978,-5.651
ligand_4979,-6.943
ligand_4980,-4.057
ligand_4981,-3.361
ligand_4982,-6.122
ligand_4983,-6.731
ligand_4984,-8.56
ligand_4985,-6.023
ligand_4986,-6.565
ligand_4987,-9.267
ligand_4988,-7.929
ligand_4989,-8.854
ligand_4990,-7.233
ligand_4991,-8.461
ligand_4992,-8.468
ligand_4993,-9.775
ligand_4994,-6.35
ligand_4995,-5.776
ligand_4996,-6.653
ligand_4997,-6.238
ligand_4998,-8.955
ligand_4999,-6.328
ligand_5000,-8.427
ligand_5001,-6.544
ligand_5002,-6.89
ligand_5003,-7.314
ligand_5004,-3.7
ligand_5005,-9.081
ligand_5006,-9.084
ligand_5007,-3.792
ligand_5008,-6.165
ligand_5009,-9.877
ligand_5010,-7.089
ligand_5011,-8.557
ligand_5012,-6.264
ligand_5013,-8.214
ligand_5014,-8.397
ligand_5015,-8.674
ligand_5016,-8.102
ligand_5017,-7.956
ligand_5018,-7.089
ligand_5019,-6.053
ligand_5020,-9.4
ligand_5021,-7.71
ligand_5022,-7.895
ligand_5023,-8.41
ligand_5024,-5.479
ligand_5025,-5.966
ligand_5026,-9.047
ligand_5027,-8.122
ligand_5028,-9.086
ligand_5029,-5.824
ligand_5030,-5.806
ligand_5031,-7.697
ligand_5032,-7.171
ligand_5033,-5.676
ligand_5034,-7.79
ligand_5035,-5.244
ligand_5036,-6.776
ligand_5037,-7.241
ligand_5038,-6.624
ligand_5039,-7.287
ligand_5040,-5.744
ligand_5041,-7.365
ligand_5042,-9.14
ligand_5043,-7.621
ligand_5044,-8.901
ligand_5045,-3.561
ligand_5046,-7.036
ligand_5047,-6.429
ligand_5048,-6.41
ligand_5049,-6.329
ligand_5050,-8.728
ligand_5051,-8.917
ligand_5052,-6.597
ligand_5053,-8.328
ligand_5054,-7.758
ligand_5055,-4.469
ligand_5056,-6.551
ligand_5057,-8.01
ligand_5058,-4.335
ligand_5059,-9.24
ligand_5060,-6.11
ligand_5061,-5.662
ligand_5062,-5.983
ligand_5063,-6.525
ligand_5064,-6.172
ligand_5065,-6.474
ligand_5066,-8.581
ligand_5067,-7.535
ligand_5068,-9.301
ligand_5069,-8.135
ligand_5070,-8.289
ligand_5071,-6.456
ligand_5072,-6.76
ligand_5073,-8.396
ligand_5074,-7.305
ligand_5075,-5.157
ligand_5076,-3.405
ligand_5077,-4.721
ligand_5078,-5.67
ligand_5079,-7.244
ligand_5080,-7.633
ligand_5081,-6.273
ligand_5082,-9.358
ligand_5083,-3.291
ligand_5084,-6.995
ligand_5085,-3.863
ligand_5086,-4.348
ligand_5087,-8.718
ligand_5088,-5.084
ligand_5089,-5.709
ligand_5090,-8.205
ligand_5091,-7.557
ligand_5092,-6.574
ligand_5093,-7.153
ligand_5094,-6.431
ligand_5095,-5.848
ligand_5096,-6.163
ligand_5097,-6.916
ligand_5098,-7.987
ligand_5099,-5.638
ligand_5100,-8.113
ligand_5101,-7.426
ligand_5102,-6.657
ligand_5103,-5.86
ligand_5104,-6.819
ligand_5105,-7.419
ligand_5106,-6.782
ligand_5107,-6.555
ligand_5108,-6.279
ligand_5109,-6.232
ligand_5110,-6.621
ligand_5111,-8.955
ligand_5112,-5.923
ligand_5113,-5.889
ligand_5114,-7.892
ligand_5115,-5.142
ligand_5116,-4.318
ligand_5117,-9.206
ligand_5118,-5.609
ligand_5119,-8.116
ligand_5120,-4.022
ligand_5121,-6.306
ligand_5122,-8.356
ligand_5123,-6.527
ligand_5124,-6.244
ligand_5125,-8.976
ligand_5126,-5.892
ligand_5127,-7.968
ligand_5128,-6.874
ligand_5129,-6.728
ligand_5130,-7.21
ligand_5131,-7.298
ligand_5132,-6.321
ligand_5133,-6.439
ligand_5134,-9.808
ligand_5135,-7.326
ligand_5136,-7.108
ligand_5137,-6.921
ligand_5138,-10.11
ligand_5139,-8.821
ligand_5140,-4.231
ligand_5141,-5.472
ligand_5142,-7.379
ligand_5143,-6.902
ligand_5144,-9.77
ligand_5145,-6.808
ligand_5146,-3.693
ligand_5147,-6.651
ligand_5148,-6.116
ligand_5149,-6.248
ligand_5150,-8.675
ligand_5151,-6.753
ligand_5152,-8.369
ligand_5153,-6.617
ligand_5154,-6.329
ligand_5155,-6.476
ligand_5156,-7.348
ligand_5157,-7.4
ligand_5158,-6.015
ligand_5159,-8.828
ligand_5160,-7.559
ligand_5161,-5.697
ligand_5162,-10.02
ligand_5163,-8.497
ligand_5164,-7.683
ligand_5165,-6.094
ligand_5166,-7.39
ligand_5167,-7.508
ligand_5168,-7.262
ligand_5169,-6.401
ligand_5170,-6.075
ligand_5171,-6.518
ligand_5172,-8.377
ligand_5173,-8.777
ligand_5174,-9.511
ligand_5175,-9.325
ligand_5176,-7.098
ligand_5177,-6.052
ligand_5178,-7.013
ligand_5179,-8.657
ligand_5180,-5.569
ligand_5181,-7.233
ligand_5182,-6.089
ligand_5183,-8.234
ligand_5184,-8.184
ligand_5185,-9.451
ligand_5186,-6.273
ligand_5187,-8.126
ligand_5188,-9.072
ligand_5189,-8.077
ligand_5190,-8.129
ligand_5191,-6.33
ligand_5192,-8.648
ligand_5193,-3.834
ligand_5194,-11
ligand_5195,-6.434
ligand_5196,-8.344
ligand_5197,-8.447
ligand_5198,-6.553
ligand_5199,-6.538
ligand_5200,-4.972
ligand_5201,-7.323
ligand_5202,-7.05
ligand_5203,-6.812
ligand_5204,-4.595
ligand_5205,-6.542
ligand_5206,-10.16
ligand_5207,-9.058
ligand_5208,-5.949
ligand_5209,-6.083
ligand_5210,-7.75
ligand_5211,-7.642
ligand_5212,-9.22
ligand_5213,-8.905
ligand_5214,-8.433
ligand_5215,-6.858
ligand_5216,-5.758
ligand_5217,-8.565
ligand_5218,-6.787
ligand_5219,-6.87
ligand_5220,-7.231
ligand_5221,-6.12
ligand_5222,-6.319
ligand_5223,-5.22
ligand_5224,-4.674
ligand_5225,-5.184
ligand_5226,-8.135
ligand_5227,-6.527
ligand_5228,-7.56
ligand_5229,-7.169
ligand_5230,-7.526
ligand_5231,-6.807
ligand_5232,-6.558
ligand_5233,-5.973
ligand_5234,-5.084
ligand_5235,-7.919
ligand_5236,-5.615
ligand_5237,-6.849
ligand_5238,-6.653
ligand_5239,-7.659
ligand_5240,-8.702
ligand_5241,-8.607
ligand_5242,-6.339
ligand_5243,-9.283
ligand_5244,-6.528
ligand_5245,-8.348
ligand_5246,-5.107
ligand_5247,-4.857
ligand_5248,-7.668
ligand_5249,-5.59
ligand_5250,-6.741
ligand_5251,-7.549
ligand_5252,-7.88
ligand_5253,-4.967
ligand_5254,-3.86
ligand_5255,-9.091
ligand_5256,-3.565
ligand_5257,-9.333
ligand_5258,-8.658
ligand_5259,-9.281
ligand_5260,-6.289
ligand_5261,-6.841
ligand_5262,-7.16
ligand_5263,-7.255
ligand_5264,-7.546
ligand_5265,-6.478
ligand_5266,-7.833
ligand_5267,-6.593
ligand_5268,-8.211
ligand_5269,-11.85
ligand_5270,-8.539
ligand_5271,-6.199
ligand_5272,-6.662
ligand_5273,-2.614
ligand_5274,-8.804
ligand_5275,-8.362
ligand_5276,-5.959
ligand_5277,-9.006
ligand_5278,-8.023
ligand_5279,-5.69
ligand_5280,-7.525
ligand_5281,-8.257
ligand_5282,-8.46
ligand_5283,-5.194
ligand_5284,-6.941
ligand_5285,-9.554
ligand_5286,-7.046
ligand_5287,-7.931
ligand_5288,-8.777
ligand_5289,-5.473
ligand_5290,-8.865
ligand_5291,-7.53
ligand_5292,-6.688
ligand_5293,-9.024
ligand_5294,-7.192
ligand_5295,-4.135
ligand_5296,-5.576
ligand_5297,-6.11
ligand_5298,-6.228
ligand_5299,-10.53
ligand_5300,-10.13
ligand_5301,-7.096
ligand_5302,-8.623
ligand_5303,-7.849
ligand_5304,-8.758
ligand_5305,-7.866
ligand_5306,-3.027
ligand_5307,-8.203
ligand_5308,-4.544
ligand_5309,-9.486
ligand_5310,-5.564
ligand_5311,-9.164
ligand_5312,-4.766
ligand_5313,-6.44
ligand_5314,-5.667
ligand_5315,-4.099
ligand_5316,-9.29
ligand_5317,-9.949
ligand_5318,-5.116
ligand_5319,-9.51
ligand_5320,-7.034
ligand_5321,-5.888
ligand_5322,-5.023
ligand_5323,-7.482
ligand_5324,-6.91
ligand_5325,-6.056
ligand_5326,-7.253
ligand_5327,-4.903
ligand_5328,-7.349
ligand_5329,-4.629
ligand_5330,-6.047
ligand_5331,-5.226
ligand_5332,-6.987
ligand_5333,-5.447
ligand_5334,-4.991
ligand_5335,-6.539
ligand_5336,-12.59
ligand_5337,-5.999
ligand_5338,-6.509
ligand_5339,-7.73
ligand_5340,-4.22
ligand_5341,-4.629
ligand_5342,-5.171
ligand_5343,-7.39
ligand_5344,-7.462
ligand_5345,-7.217
ligand_5346,-6.755
ligand_5347,-6.943
ligand_5348,-8.97
ligand_5349,-9.246
ligand_5350,-10.76
ligand_5351,-7.469
ligand_5352,-8.431
ligand_5353,-6.957
ligand_5354,-3.904
ligand_5355,-6.138
ligand_5356,-6.219
ligand_5357,-6.65
ligand_5358,-6.922
ligand_5359,-7.545
ligand_5360,-7.898
ligand_5361,-8.972
ligand_5362,-6.572
ligand_5363,-6.758
ligand_5364,-6.73
ligand_5365,-7.106
ligand_5366,-8.412
ligand_5367,-4.547
ligand_5368,-5.637
ligand_5369,-3.49
ligand_5370,-7.945
ligand_5371,-6.949
ligand_5372,-7.599
ligand_5373,-6.665
ligand_5374,-9.192
ligand_5375,-7.905
ligand_5376,-7.441
ligand_5377,-4.906
ligand_5378,-6.577
ligand_5379,-6.42
ligand_5380,-5.58
ligand_5381,-8.391
ligand_5382,-3.082
ligand_5383,-8.129
ligand_5384,-5.645
ligand_5385,-3.706
ligand_5386,-5.535
ligand_5387,-7.384
ligand_5388,-7.403
ligand_5389,-5.931
ligand_5390,-7.072
ligand_5391,-5.995
ligand_5392,-6.763
ligand_5393,-6.879
ligand_5394,-8.326
ligand_5395,-6.752
ligand_5396,-9.486
ligand_5397,-6.648
ligand_5398,-9.7
ligand_5399,-6.77
ligand_5400,-8.051
ligand_5401,-8.948
ligand_5402,-6.019
ligand_5403,-10.46
ligand_5404,-6.674
ligand_5405,-7.243
ligand_5406,-7.11
ligand_5407,-6.347
ligand_5408,-7.268
ligand_5409,-8.885
ligand_5410,-8.548
ligand_5411,-7.016
ligand_5412,-8.918
ligand_5413,-6.329
ligand_5414,-7.674
ligand_5415,-8.913
ligand_5416,-4.254
ligand_5417,-7.854
ligand_5418,-7.763
ligand_5419,-6.096
ligand_5420,-8.705
ligand_5421,-6.645
ligand_5422,-7.103
ligand_5423,-8.348
ligand_5424,-8.684
ligand_5425,-5.985
ligand_5426,-8.201
ligand_5427,-7.482
ligand_5428,-5.987
ligand_5429,-6.955
ligand_5430,-7.119
ligand_5431,-6.894
ligand_5432,-5.594
ligand_5433,-7.252
ligand_5434,-8.456
ligand_5435,-6.084
ligand_5436,-6.536
ligand_5437,-9
ligand_5438,-6.768
ligand_5439,-6.388
ligand_5440,-6.992
ligand_5441,-8.413
ligand_5442,-6.432
ligand_5443,-6.248
ligand_5444,-5.308
ligand_5445,-5.796
ligand_5446,-6.942
ligand_5447,-7.952
ligand_5448,-9.549
ligand_5449,-8.661
ligand_5450,-8.518
ligand_5451,-6.92
ligand_5452,-5.835
ligand_5453,-6.241
ligand_5454,-8.975
ligand_5455,-5.858
ligand_5456,-5.631
ligand_5457,-5.525
ligand_5458,-7.666
ligand_5459,-8.659
ligand_5460,-9.716
ligand_5461,-7.123
ligand_5462,-3.55
ligand_5463,-3.153
ligand_5464,-9.102
ligand_5465,-9.299
ligand_5466,-8.236
ligand_5467,-9.343
ligand_5468,-10.19
ligand_5469,-9.542
ligand_5470,-8.823
ligand_5471,-8.371
ligand_5472,-5.736
ligand_5473,-6.576
ligand_5474,-8.099
ligand_5475,-7.652
ligand_5476,-8.207
ligand_5477,-9.279
ligand_5478,-8.747
ligand_5479,-7.441
ligand_5480,-6.236
ligand_5481,-5.575
ligand_5482,-7.062
ligand_5483,-9.631
ligand_5484,-5.944
ligand_5485,-6.038
ligand_5486,-6.889
ligand_5487,-8.213
ligand_5488,-6.056
ligand_5489,-7.011
ligand_5490,-3.633
ligand_5491,-5.494
ligand_5492,-8.876
ligand_5493,-8.948
ligand_5494,-9.595
ligand_5495,-6.336
ligand_5496,-7.551
ligand_5497,-8.532
ligand_5498,-6.684
ligand_5499,-6.572
ligand_5500,-6.269
ligand_5501,-9.338
ligand_5502,-4.54
ligand_5503,-6.593
ligand_5504,-9.367
ligand_5505,-5.626
ligand_5506,-3.306
ligand_5507,-4.276
ligand_5508,-6.041
ligand_5509,-7.143
ligand_5510,-6.534
ligand_5511,-6.543
ligand_5512,-5.928
ligand_5513,-5.527
ligand_5514,-6.634
ligand_5515,-8.041
ligand_5516,-8.923
ligand_5517,-7.622
ligand_5518,-3.306
ligand_5519,-5.908
ligand_5520,-5.915
ligand_5521,-6.662
ligand_5522,-10.38
ligand_5523,-8.788
ligand_5524,-8.639
ligand_5525,-5.964
ligand_5526,-8.061
ligand_5527,-8.763
ligand_5528,-8.836
ligand_5529,-10.73
ligand_5530,-9.177
ligand_5531,-2.928
ligand_5532,-4.986
ligand_5533,-7.072
ligand_5534,-7.553
ligand_5535,-6.084
ligand_5536,-6.282
ligand_5537,-10.26
ligand_5538,-6.255
ligand_5539,-8.482
ligand_5540,-7.731
ligand_5541,-6.306
ligand_5542,-10.96
ligand_5543,-5.691
ligand_5544,-8.723
ligand_5545,-6.213
ligand_5546,-8.183
ligand_5547,-8.306
ligand_5548,-7.043
ligand_5549,-3.34
ligand_5550,-8.814
ligand_5551,-5.821
ligand_5552,-9.76
ligand_5553,-8.662
ligand_5554,-7.387
ligand_5555,-6.494
ligand_5556,-5.676
ligand_5557,-6.456
ligand_5558,-7.806
ligand_5559,-6.218
ligand_5560,-5.989
ligand_5561,-5.863
ligand_5562,-5.529
ligand_5563,-7.238
ligand_5564,-3.369
ligand_5565,-6.826
ligand_5566,-6.447
ligand_5567,-6.957
ligand_5568,-7.968
ligand_5569,-7.017
ligand_5570,-6.123
ligand_5571,-7.373
ligand_5572,-6.123
ligand_5573,-6.608
ligand_5574,-6.875
ligand_5575,-5.603
ligand_5576,-8.194
ligand_5577,-5.589
ligand_5578,-9.159
ligand_5579,-7.302
ligand_5580,-8.428
ligand_5581,-4.146
ligand_5582,-7.797
ligand_5583,-7.103
ligand_5584,-8.416
ligand_5585,-7.834
ligand_5586,-5.568
ligand_5587,-8.079
ligand_5588,-6.44
ligand_5589,-9.728
ligand_5590,-7.685
ligand_5591,-8.288
ligand_5592,-6.238
ligand_5593,-7.607
ligand_5594,-7.191
ligand_5595,-4.22
ligand_5596,-8.532
ligand_5597,-3.284
ligand_5598,-6.272
ligand_5599,-5.729
ligand_5600,-14.12
ligand_5601,-9.294
ligand_5602,-7.58
ligand_5603,-7.959
ligand_5604,-4.586
ligand_5605,-6.226
ligand_5606,-6.158
ligand_5607,-6.217
ligand_5608,-6.258
ligand_5609,-5.748
ligand_5610,-6.774
ligand_5611,-9.482
ligand_5612,-7.963
ligand_5613,-5.418
ligand_5614,-10.5
ligand_5615,-8.701
ligand_5616,-9.017
ligand_5617,-7.679
ligand_5618,-6.585
ligand_5619,-6.081
ligand_5620,-4.562
ligand_5621,-5.319
ligand_5622,-5.788
ligand_5623,-6.925
ligand_5624,-5.677
ligand_5625,-4.636
ligand_5626,-5.307
ligand_5627,-7.246
ligand_5628,-4.079
ligand_5629,-6.127
ligand_5630,-7.272
ligand_5631,-9.882
ligand_5632,-6.002
ligand_5633,-8.597
ligand_5634,-8.518
ligand_5635,-11.62
ligand_5636,-9.355
ligand_5637,-6.696
ligand_5638,-8.359
ligand_5639,-6.771
ligand_5640,-7.501
ligand_5641,-5.976
ligand_5642,-7.129
ligand_5643,-9.474
ligand_5644,-4.349
ligand_5645,-6.7
ligand_5646,-5.166
ligand_5647,-8.599
ligand_5648,-6.909
ligand_5649,-7.16
ligand_5650,-4.936
ligand_5651,-7.853
ligand_5652,-7.124
ligand_5653,-7.286
ligand_5654,-4.525
ligand_5655,-7.302
ligand_5656,-7.1
ligand_5657,-6.746
ligand_5658,-9.564
ligand_5659,-8.271
ligand_5660,-8.145
ligand_5661,-9.961
ligand_5662,-6.647
ligand_5663,-7.016
ligand_5664,-5.617
ligand_5665,-8.866
ligand_5666,-3.745
ligand_5667,-7.592
ligand_5668,-6.504
ligand_5669,-7.802
ligand_5670,-8.792
ligand_5671,-6.562
ligand_5672,-5.927
ligand_5673,-8.868
ligand_5674,-4.735
ligand_5675,-7.669
ligand_5676,-8.03
ligand_5677,-7.321
ligand_5678,-6.739
ligand_5679,-8.073
ligand_5680,-8.766
ligand_5681,-5.925
ligand_5682,-6.545
ligand_5683,-6.059
ligand_5684,-6.814
ligand_5685,-7.213
ligand_5686,-4.533
ligand_5687,-5.662
ligand_5688,-5.68
ligand_5689,-6.913
ligand_5690,-7.971
ligand_5691,-7.371
ligand_5692,-6.672
ligand_5693,-9.595
ligand_5694,-10.73
ligand_5695,-6.195
ligand_5696,-8.438
ligand_5697,-7.113
ligand_5698,-6.5
ligand_5699,-7.673
ligand_5700,-5.527
ligand_5701,-7.881
ligand_5702,-10.82
ligand_5703,-7.487
ligand_5704,-6.752
ligand_5705,-4.752
ligand_5706,-6.813
ligand_5707,-9.287
ligand_5708,-6.563
ligand_5709,-7.7
ligand_5710,-10.1
ligand_5711,-8.438
ligand_5712,-8.826
ligand_5713,-7.26
ligand_5714,-5.777
ligand_5715,-6.256
ligand_5716,-10.33
ligand_5717,-8.224
ligand_5718,-6.932
ligand_5719,-8.86
ligand_5720,-7.589
ligand_5721,-6.19
ligand_5722,-10.07
ligand_5723,-7.927
ligand_5724,-6.743
ligand_5725,-6.299
ligand_5726,-6.926
ligand_5727,-7.018
ligand_5728,-10.89
ligand_5729,-10.31
ligand_5730,-9.456
ligand_5731,-6.104
ligand_5732,-7.543
ligand_5733,-6.462
ligand_5734,-9.111
ligand_5735,-9.991
ligand_5736,-4.884
ligand_5737,-7.766
ligand_5738,-6.926
ligand_5739,-5.135
ligand_5740,-8.888
ligand_5741,-7.784
ligand_5742,-8.455
ligand_5743,-4.095
ligand_5744,-3.229
ligand_5745,-6.792
ligand_5746,-5.812
ligand_5747,-9.143
ligand_5748,-6.735
ligand_5749,-5.518
ligand_5750,-6.476
ligand_5751,-8.694
ligand_5752,-5.953
ligand_5753,-7.348
ligand_5754,-6.982
ligand_5755,-6.384
ligand_5756,-4.012
ligand_5757,-6.864
ligand_5758,-8.516
ligand_5759,-9.89
ligand_5760,-4.274
ligand_5761,-5.277
ligand_5762,-7.736
ligand_5763,-8.698
ligand_5764,-10.76
ligand_5765,-8.706
ligand_5766,-7.745
ligand_5767,-5.208
ligand_5768,-10.55
ligand_5769,-7.92
ligand_5770,-9.363
ligand_5771,-7.049
ligand_5772,-8.198
ligand_5773,-8.695
ligand_5774,-3.529
ligand_5775,-8.822
ligand_5776,-7.751
ligand_5777,-6.692
ligand_5778,-8.918
ligand_5779,-7.008
ligand_5780,-7.614
ligand_5781,-7.927
ligand_5782,-5.267
ligand_5783,-8.667
ligand_5784,-2.669
ligand_5785,-5.72
ligand_5786,-7.167
ligand_5787,-8.129
ligand_5788,-8.674
ligand_5789,-7.075
ligand_5790,-11.26
ligand_5791,-3.618
ligand_5792,-6.197
ligand_5793,-3.467
ligand_5794,-8.571
ligand_5795,-7.836
ligand_5796,-5.818
ligand_5797,-7.104
ligand_5798,-9.909
ligand_5799,-3.453
ligand_5800,-8.836
ligand_5801,-10.37
ligand_5802,-5.153
ligand_5803,-6.316
ligand_5804,-6.058
ligand_5805,-7.946
ligand_5806,-6.616
ligand_5807,-6.522
ligand_5808,-14.59
ligand_5809,-5.57
ligand_5810,-7.5
ligand_5811,-5.987
ligand_5812,-6.459
ligand_5813,-10.16
ligand_5814,-9.053
ligand_5815,-9.987
ligand_5816,-6.097
ligand_5817,-5.667
ligand_5818,-10.19
ligand_5819,-5.965
ligand_5820,-5.775
ligand_5821,-6.736
ligand_5822,-6.554
ligand_5823,-6.859
ligand_5824,-8.523
ligand_5825,-7.498
ligand_5826,-8.793
ligand_5827,-5.939
ligand_5828,-9.753
ligand_5829,-10.15
ligand_5830,-8.409
ligand_5831,-6.776
ligand_5832,-5.825
ligand_5833,-5.49
ligand_5834,-6.745
ligand_5835,-5.246
ligand_5836,-5.106
ligand_5837,-6.139
ligand_5838,-6.769
ligand_5839,-6.707
ligand_5840,-7.16
ligand_5841,-10.38
ligand_5842,-7.825
ligand_5843,-5.128
ligand_5844,-6.621
ligand_5845,-6.07
ligand_5846,-4.039
ligand_5847,-6.982
ligand_5848,-10.28
ligand_5849,-6.53
ligand_5850,-5.879
ligand_5851,-5.707
ligand_5852,-7.1
ligand_5853,-4.031
ligand_5854,-8.597
ligand_5855,-5.938
ligand_5856,-8.05
ligand_5857,-6.878
ligand_5858,-6.577
ligand_5859,-5.456
ligand_5860,-5.414
ligand_5861,-6.07
ligand_5862,-4.801
ligand_5863,-6.438
ligand_5864,-8.094
ligand_5865,-9.229
ligand_5866,-7.781
ligand_5867,-5.696
ligand_5868,-6.909
ligand_5869,-7.281
ligand_5870,-6.037
ligand_5871,-5.753
ligand_5872,-6.309
ligand_5873,-7.562
ligand_5874,-4.387
ligand_5875,-2.842
ligand_5876,-4.271
ligand_5877,-6.123
ligand_5878,-7.572
ligand_5879,-5.239
ligand_5880,-7.361
ligand_5881,-7.348
ligand_5882,-7.414
ligand_5883,-8.624
ligand_5884,-8.283
ligand_5885,-9.499
ligand_5886,-8.533
ligand_5887,-5.404
ligand_5888,-7.091
ligand_5889,-6.123
ligand_5890,-5.804
ligand_5891,-9.038
ligand_5892,-7.319
ligand_5893,-7.436
ligand_5894,-5.392
ligand_5895,-6.79
ligand_5896,-2.592
ligand_5897,-6.473
ligand_5898,-7.704
ligand_5899,-5.502
ligand_5900,-7.301
ligand_5901,-7.163
ligand_5902,-6.247
ligand_5903,-7.202
ligand_5904,-6.321
ligand_5905,-7.042
ligand_5906,-7.126
ligand_5907,-7.549
ligand_5908,-10.17
ligand_5909,-3.935
ligand_5910,-6.48
ligand_5911,-6.693
ligand_5912,-10.43
ligand_5913,-6.595
ligand_5914,-7.709
ligand_5915,-7.51
ligand_5916,-8.1
ligand_5917,-5.321
ligand_5918,-9.1
ligand_5919,-3.9
ligand_5920,-8.695
ligand_5921,-5.561
ligand_5922,-5.429
ligand_5923,-8.745
ligand_5924,-9.554
ligand_5925,-7.415
ligand_5926,-6.234
ligand_5927,-7.467
ligand_5928,-4.429
ligand_5929,-7.192
ligand_5930,-5.042
ligand_5931,-7.646
ligand_5932,-4.496
ligand_5933,-5.108
ligand_5934,-5.987
ligand_5935,-8.304
ligand_5936,-6.534
ligand_5937,-6.181
ligand_5938,-8.51
ligand_5939,-8.958
ligand_5940,-4.468
ligand_5941,-8.882
ligand_5942,-1.647
ligand_5943,-5.27
ligand_5944,-8.138
ligand_5945,-6.863
ligand_5946,-6.431
ligand_5947,-7.994
ligand_5948,-7.484
ligand_5949,-10.8
ligand_5950,-7.556
ligand_5951,-6.577
ligand_5952,-7.842
ligand_5953,-7.719
ligand_5954,-8.876
ligand_5955,-3.957
ligand_5956,-6.947
ligand_5957,-6.659
ligand_5958,-6.456
ligand_5959,-7.281
ligand_5960,-7.021
ligand_5961,-6.416
ligand_5962,-8.057
ligand_5963,-8.687
ligand_5964,-6.015
ligand_5965,-6.385
ligand_5966,-8.766
ligand_5967,-6.883
ligand_5968,-5.841
ligand_5969,-7.217
ligand_5970,-7.719
ligand_5971,-6.588
ligand_5972,-4.889
ligand_5973,-7.985
ligand_5974,-9.597
ligand_5975,-3.81
ligand_5976,-9.98
ligand_5977,-7.724
ligand_5978,-8.815
ligand_5979,-8.616
ligand_5980,-5.97
ligand_5981,-5.636
ligand_5982,-5.292
ligand_5983,-5.901
ligand_5984,-7.448
ligand_5985,-5.807
ligand_5986,-8.103
ligand_5987,-7.652
ligand_5988,-9.616
ligand_5989,-5.965
ligand_5990,-3.878
ligand_5991,-7.128
ligand_5992,-5.942
ligand_5993,-5.867
ligand_5994,-8.683
ligand_5995,-8.804
ligand_5996,-7.056
ligand_5997,-7.647
ligand_5998,-7.38
ligand_5999,-8.973
ligand_6000,-6.593
ligand_6001,-5.901
ligand_6002,-9.463
ligand_6003,-8.115
ligand_6004,-10.93
ligand_6005,-6.779
ligand_6006,-7.493
ligand_6007,-8.631
ligand_6008,-7.032
ligand_6009,-7.413
ligand_6010,-9.553
ligand_6011,-5.36
ligand_6012,-8.594
ligand_6013,-4.763
ligand_6014,-4.918
ligand_6015,-6.596
ligand_6016,-6.691
ligand_6017,-8.01
ligand_6018,-6.148
ligand_6019,-7.835
ligand_6020,-5.405
ligand_6021,-7.504
ligand_6022,-8.32
ligand_6023,-6.525
ligand_6024,-8.414
ligand_6025,-7.542
ligand_6026,-6.934
ligand_6027,-7.211
ligand_6028,-8.292
ligand_6029,-3.757
ligand_6030,-6.406
ligand_6031,-10.6
ligand_6032,-7.058
ligand_6033,-9.523
ligand_6034,-6.576
ligand_6035,-6.452
ligand_6036,-7.521
ligand_6037,-8.406
ligand_6038,-8.27
ligand_6039,-10.5
ligand_6040,-6.67
ligand_6041,-8.653
ligand_6042,-4.896
ligand_6043,-9.473
ligand_6044,-6.661
ligand_6045,-3.363
ligand_6046,-9.166
ligand_6047,-7.796
ligand_6048,-9.96
ligand_6049,-6.527
ligand_6050,-8.285
ligand_6051,-8
ligand_6052,-8.196
ligand_6053,-6.075
ligand_6054,-6.714
ligand_6055,-5.346
ligand_6056,-8.47
ligand_6057,-3.665
ligand_6058,-6.903
ligand_6059,-3.767
ligand_6060,-8.29
ligand_6061,-6.007
ligand_6062,-5.871
ligand_6063,-6.532
ligand_6064,-7.683
ligand_6065,-5.656
ligand_6066,-8.335
ligand_6067,-8.975
ligand_6068,-4.698
ligand_6069,-6.885
ligand_6070,-7.888
ligand_6071,-6.707
ligand_6072,-6.194
ligand_6073,-6.231
ligand_6074,-7.218
ligand_6075,-6.672
ligand_6076,-8.279
ligand_6077,-7.988
ligand_6078,-7.316
ligand_6079,-8.278
ligand_6080,-8.684
ligand_6081,-7.141
ligand_6082,-7.835
ligand_6083,-7.217
ligand_6084,-8.371
ligand_6085,-8.306
ligand_6086,-9.113
ligand_6087,-6.212
ligand_6088,-4.724
ligand_6089,-6.272
ligand_6090,-7.591
ligand_6091,-3.899
ligand_6092,-8.336
ligand_6093,-6.385
ligand_6094,-10.35
ligand_6095,-8.297
ligand_6096,-9.245
ligand_6097,-6.859
ligand_6098,-10.35
ligand_6099,-8.684
ligand_6100,-5.457
ligand_6101,-6.66
ligand_6102,-5.054
ligand_6103,-7.312
ligand_6104,-7.377
ligand_6105,-8.774
ligand_6106,-5.495
ligand_6107,-7.095
ligand_6108,-6.238
ligand_6109,-8.033
ligand_6110,-5.808
ligand_6111,-4.72
ligand_6112,-7.947
ligand_6113,-7.855
ligand_6114,-5.52
ligand_6115,-6.191
ligand_6116,-5.484
ligand_6117,-9.833
ligand_6118,-5.105
ligand_6119,-6.037
ligand_6120,-6.498
ligand_6121,-5.411
ligand_6122,-5.982
ligand_6123,-9.826
ligand_6124,-5.49
ligand_6125,-5.237
ligand_6126,-6.601
ligand_6127,-8.661
ligand_6128,-4.966
ligand_6129,-8.688
ligand_6130,-8.875
ligand_6131,-6.476
ligand_6132,-7.172
ligand_6133,-9.361
ligand_6134,-8.22
ligand_6135,-7.486
ligand_6136,-7.498
ligand_6137,-9.502
ligand_6138,-6.552
ligand_6139,-6.564
ligand_6140,-8.596
ligand_6141,-6.159
ligand_6142,-4.601
ligand_6143,-10.34
ligand_6144,-6.242
ligand_6145,-5.002
ligand_6146,-7.686
ligand_6147,-5.856
ligand_6148,-8.671
ligand_6149,-9.277
ligand_6150,-7.338
ligand_6151,-6.404
ligand_6152,-5.897
ligand_6153,-7.679
ligand_6154,-6.756
ligand_6155,-6.762
ligand_6156,-9.252
ligand_6157,-5.884
ligand_6158,-8.71
ligand_6159,-10.13
ligand_6160,-6.007
ligand_6161,-7.912
ligand_6162,-4.708
ligand_6163,-9.057
ligand_6164,-6.903
ligand_6165,-9.271
ligand_6166,-7.056
ligand_6167,-5.738
ligand_6168,-3.909
ligand_6169,-9.158
ligand_6170,-8.941
ligand_6171,-6.147
ligand_6172,-6.316
ligand_6173,-6.488
ligand_6174,-6.418
ligand_6175,-6.351
ligand_6176,-8.361
ligand_6177,-5.651
ligand_6178,-4.249
ligand_6179,-6.072
ligand_6180,-10.17
ligand_6181,-7.788
ligand_6182,-5.98
ligand_6183,-6.992
ligand_6184,-4.836
ligand_6185,-6.139
ligand_6186,-5.393
ligand_6187,-5.972
ligand_6188,-6.216
ligand_6189,-7.055
ligand_6190,-6.473
ligand_6191,-7.499
ligand_6192,-6.675
ligand_6193,-9.165
ligand_6194,-10.56
ligand_6195,-5.252
ligand_6196,-5.863
ligand_6197,-6.762
ligand_6198,-8.622
ligand_6199,-9.206
ligand_6200,-8.911
ligand_6201,-7.853
ligand_6202,-8.348
ligand_6203,-9.462
ligand_6204,-9.179
ligand_6205,-5.749
ligand_6206,-9.338
ligand_6207,-7.517
ligand_6208,-6.423
ligand_6209,-8.551
ligand_6210,-8.018
ligand_6211,-8.266
ligand_6212,-3.947
ligand_6213,-8.407
ligand_6214,-6.188
ligand_6215,-6.851
ligand_6216,-8.879
ligand_6217,-7.868
ligand_6218,-8.112
ligand_6219,-8.234
ligand_6220,-6.51
ligand_6221,-5.558
ligand_6222,-5.619
ligand_6223,-4.964
ligand_6224,-8.536
ligand_6225,-5.679
ligand_6226,-8.908
ligand_6227,-5.216
ligand_6228,-4.698
ligand_6229,-5.844
ligand_6230,-7.641
ligand_6231,-8.17
ligand_6232,-7.938
ligand_6233,-7.697
ligand_6234,-7.178
ligand_6235,-7.639
ligand_6236,-9.052
ligand_6237,-7.269
ligand_6238,-6.335
ligand_6239,-8.985
ligand_6240,-6.021
ligand_6241,-6.379
ligand_6242,-7.181
ligand_6243,-7.11
ligand_6244,-9.384
ligand_6245,-6.263
ligand_6246,-8.167
ligand_6247,-7.029
ligand_6248,-8.539
ligand_6249,-6.77
ligand_6250,-9.118
ligand_6251,-8.551
ligand_6252,-6.164
ligand_6253,-8.464
ligand_6254,-8.315
ligand_6255,-8.623
ligand_6256,-7.933
ligand_6257,-3.777
ligand_6258,-5.497
ligand_6259,-7.022
ligand_6260,-5.335
ligand_6261,-4.755
ligand_6262,-7.083
ligand_6263,-7.558
ligand_6264,-8.39
ligand_6265,-6.719
ligand_6266,-7.617
ligand_6267,-6.998
ligand_6268,-7.597
ligand_6269,-8.704
ligand_6270,-8.864
ligand_6271,-7.181
ligand_6272,-7.493
ligand_6273,-7.021
ligand_6274,-5.031
ligand_6275,-7.741
ligand_6276,-6.174
ligand_6277,-6.851
ligand_6278,-8.092
ligand_6279,-5.497
ligand_6280,-6.417
ligand_6281,-5.982
ligand_6282,-5.718
ligand_6283,-5.96
ligand_6284,-8.273
ligand_6285,-4.818
ligand_6286,-4.619
ligand_6287,-6.192
ligand_6288,-5.083
ligand_6289,-7.661
ligand_6290,-6.506
ligand_6291,-8.755
ligand_6292,-7.024
ligand_6293,-2.861
ligand_6294,-8.084
ligand_6295,-8.613
ligand_6296,-9.535
ligand_6297,-6.743
ligand_6298,-7.302
ligand_6299,-9.755
ligand_6300,-7.302
ligand_6301,-4.213
ligand_6302,-3.136
ligand_6303,-6.602
ligand_6304,-7.674
ligand_6305,-7.531
ligand_6306,-7.971
ligand_6307,-5.771
ligand_6308,-9.122
ligand_6309,-8.716
ligand_6310,-8.824
ligand_6311,-7.594
ligand_6312,-7.132
ligand_6313,-9.28
ligand_6314,-7.924
ligand_6315,-7.765
ligand_6316,-6.384
ligand_6317,-10.57
ligand_6318,-8.335
ligand_6319,-7.974
ligand_6320,-7.586
ligand_6321,-8.867
ligand_6322,-6.835
ligand_6323,-6.279
ligand_6324,-8.411
ligand_6325,-9.393
ligand_6326,-6.408
ligand_6327,-7.949
ligand_6328,-6.345
ligand_6329,-6.147
ligand_6330,-5.917
ligand_6331,-6.424
ligand_6332,-6.535
ligand_6333,-8.543
ligand_6334,-7.95
ligand_6335,-7.906
ligand_6336,-8
ligand_6337,-7.479
ligand_6338,-6.724
ligand_6339,-7.637
ligand_6340,-6.037
ligand_6341,-5.825
ligand_6342,-8.187
ligand_6343,-5.927
ligand_6344,-9.043
ligand_6345,-6.898
ligand_6346,-7.715
ligand_6347,-6.201
ligand_6348,-7.83
ligand_6349,-5.862
ligand_6350,-7.701
ligand_6351,-6.232
ligand_6352,-6.938
ligand_6353,-7.469
ligand_6354,-8.614
ligand_6355,-6.706
ligand_6356,-5.725
ligand_6357,-6.172
ligand_6358,-4.397
ligand_6359,-6.606
ligand_6360,-5.646
ligand_6361,-6.5
ligand_6362,-8.581
ligand_6363,-8.904
ligand_6364,-8.315
ligand_6365,-5.983
ligand_6366,-6.718
ligand_6367,-5.93
ligand_6368,-6.155
ligand_6369,-8.126
ligand_6370,-7.584
ligand_6371,-8.314
ligand_6372,-9.378
ligand_6373,-7.34
ligand_6374,-6.842
ligand_6375,-6.226
ligand_6376,-7.296
ligand_6377,-7.099
ligand_6378,-6.241
ligand_6379,-8.998
ligand_6380,-7.673
ligand_6381,-9.302
ligand_6382,-5.919
ligand_6383,-8.598
ligand_6384,-2.892
ligand_6385,-5.559
ligand_6386,-6.432
ligand_6387,-6.336
ligand_6388,-8.644
ligand_6389,-6.296
ligand_6390,-10.26
ligand_6391,-7.77
ligand_6392,-5.205
ligand_6393,-5.767
ligand_6394,-5.211
ligand_6395,-5.452
ligand_6396,-9.807
ligand_6397,-8.618
ligand_6398,-6.974
ligand_6399,-4.25
ligand_6400,-4.307
ligand_6401,-5.494
ligand_6402,-4.831
ligand_6403,-5.773
ligand_6404,-4.666
ligand_6405,-7.434
ligand_6406,-5.821
ligand_6407,-4.354
ligand_6408,-6.416
ligand_6409,-7.089
ligand_6410,-4.519
ligand_6411,-3.522
ligand_6412,-7.544
ligand_6413,-9.514
ligand_6414,-6.537
ligand_6415,-10.29
ligand_6416,-6.757
ligand_6417,-8.453
ligand_6418,-5.371
ligand_6419,-8.266
ligand_6420,-7.491
ligand_6421,-6.797
ligand_6422,-6.359
ligand_6423,-6.224
ligand_6424,-6.552
ligand_6425,-7.653
ligand_6426,-7.656
ligand_6427,-5.639
ligand_6428,-7.476
ligand_6429,-4.613
ligand_6430,-7.097
ligand_6431,-7.583
ligand_6432,-6.642
ligand_6433,-6.246
ligand_6434,-6.172
ligand_6435,-9.41
ligand_6436,-6.522
ligand_6437,-7.351
ligand_6438,-7.893
ligand_6439,-6.799
ligand_6440,-8.602
ligand_6441,-8.349
ligand_6442,-9.119
ligand_6443,-5.651
ligand_6444,-6.617
ligand_6445,-6.908
ligand_6446,-8.273
ligand_6447,-8.747
ligand_6448,-8.615
ligand_6449,-3.836
ligand_6450,-7.353
ligand_6451,-7.42
ligand_6452,-8.907
ligand_6453,-8.574
ligand_6454,-8.066
ligand_6455,-8.826
ligand_6456,-8.389
ligand_6457,-10.29
ligand_6458,-4.437
ligand_6459,-5.678
ligand_6460,-7.481
ligand_6461,-6.008
ligand_6462,-5.956
ligand_6463,-8.558
ligand_6464,-6.329
ligand_6465,-8.406
ligand_6466,-5.191
ligand_6467,-7.892
ligand_6468,-8.765
ligand_6469,-8.749
ligand_6470,-7.654
ligand_6471,-8.286
ligand_6472,-6.477
ligand_6473,-8.5
ligand_6474,-7.414
ligand_6475,-5.151
ligand_6476,-5.845
ligand_6477,-8.544
ligand_6478,-9.459
ligand_6479,-6.167
ligand_6480,-6.254
ligand_6481,-7.296
ligand_6482,-7.347
ligand_6483,-8.562
ligand_6484,-9.042
ligand_6485,-6.122
ligand_6486,-8.99
ligand_6487,-6.325
ligand_6488,-7.96
ligand_6489,-5.157
ligand_6490,-7.275
ligand_6491,-8.724
ligand_6492,-8.296
ligand_6493,-8.158
ligand_6494,-7.139
ligand_6495,-6.976
ligand_6496,-3.613
ligand_6497,-6.485
ligand_6498,-4.891
ligand_6499,-6.17
ligand_6500,-9.125
ligand_6501,-9.083
ligand_6502,-10.28
ligand_6503,-7.936
ligand_6504,-8.643
ligand_6505,-5.871
ligand_6506,-6.08
ligand_6507,-7.142
ligand_6508,-10.28
ligand_6509,-3.85
ligand_6510,-9.096
ligand_6511,-8.083
ligand_6512,-4.984
ligand_6513,-6.375
ligand_6514,-8.668
ligand_6515,-5.971
ligand_6516,-7.739
ligand_6517,-6.448
ligand_6518,-4.51
ligand_6519,-7.813
ligand_6520,-8.693
ligand_6521,-3.362
ligand_6522,-7.661
ligand_6523,-5.981
ligand_6524,-6.696
ligand_6525,-6.992
ligand_6526,-4.713
ligand_6527,-8.368
ligand_6528,-7.358
ligand_6529,-5.645
ligand_6530,-4.23
ligand_6531,-9.085
ligand_6532,-6.893
ligand_6533,-5.849
ligand_6534,-9.484
ligand_6535,-5.811
ligand_6536,-7.137
ligand_6537,-9.179
ligand_6538,-7.211
ligand_6539,-9.252
ligand_6540,-3.218
ligand_6541,-9.636
ligand_6542,-7.416
ligand_6543,-6.922
ligand_6544,-7.045
ligand_6545,-6.316
ligand_6546,-7.21
ligand_6547,-8.266
ligand_6548,-4.987
ligand_6549,-6.829
ligand_6550,-7.66
ligand_6551,-8.533
ligand_6552,-8.69
ligand_6553,-7.221
ligand_6554,-6.275
ligand_6555,-9.417
ligand_6556,-8.807
ligand_6557,-6.115
ligand_6558,-8.125
ligand_6559,-6.839
ligand_6560,-7.966
ligand_6561,-4.294
ligand_6562,-3.533
ligand_6563,-5.564
ligand_6564,-6.83
ligand_6565,-7.169
ligand_6566,-7.459
ligand_6567,-6.597
ligand_6568,-4.247
ligand_6569,-5.914
ligand_6570,-6.484
ligand_6571,-8.018
ligand_6572,-8.396
ligand_6573,-8.472
ligand_6574,-6.162
ligand_6575,-6.275
ligand_6576,-7.594
ligand_6577,-7.953
ligand_6578,-6.851
ligand_6579,-7.785
ligand_6580,-7.796
ligand_6581,-5.296
ligand_6582,-6.079
ligand_6583,-7.69
ligand_6584,-5.689
ligand_6585,-5.022
ligand_6586,-8.145
ligand_6587,-5.817
ligand_6588,-6.646
ligand_6589,-7.281
ligand_6590,-6.87
ligand_6591,-7.884
ligand_6592,-5.728
ligand_6593,-7.854
ligand_6594,-6.415
ligand_6595,-8.17
ligand_6596,-5.515
ligand_6597,-8.342
ligand_6598,-7.874
ligand_6599,-4.366
ligand_6600,-7.417
ligand_6601,-8.131
ligand_6602,-8.257
ligand_6603,-8.976
ligand_6604,-8.129
ligand_6605,-5.385
ligand_6606,-4.532
ligand_6607,-7.792
ligand_6608,-11.45
ligand_6609,-9.186
ligand_6610,-8.667
ligand_6611,-3.929
ligand_6612,-5.952
ligand_6613,-7.252
ligand_6614,-6.636
ligand_6615,-8.629
ligand_6616,-5.396
ligand_6617,-6.725
ligand_6618,-6.58
ligand_6619,-7.816
ligand_6620,-7.663
ligand_6621,-5.471
ligand_6622,-5.998
ligand_6623,-8.927
ligand_6624,-6.972
ligand_6625,-5.946
ligand_6626,-7.42
ligand_6627,-7.85
ligand_6628,-6.562
ligand_6629,-8.623
ligand_6630,-7.214
ligand_6631,-6.031
ligand_6632,-8.656
ligand_6633,-6.015
ligand_6634,-7.329
ligand_6635,-6.389
ligand_6636,-6.044
ligand_6637,-6.821
ligand_6638,-6.483
ligand_6639,-8.982
ligand_6640,-10.53
ligand_6641,-5.459
ligand_6642,-9.009
ligand_6643,-8.063
ligand_6644,-7.049
ligand_6645,-8.485
ligand_6646,-6.843
ligand_6647,-7.385
ligand_6648,-9.035
ligand_6649,-7.265
ligand_6650,-7.195
ligand_6651,-6.933
ligand_6652,-5.865
ligand_6653,-7.193
ligand_6654,-10.43
ligand_6655,-7.766
ligand_6656,-9.027
ligand_6657,-9.514
ligand_6658,-3.478
ligand_6659,-7.427
ligand_6660,-7.102
ligand_6661,-9.664
ligand_6662,-8.144
ligand_6663,-6
ligand_6664,-3.798
ligand_6665,-5.474
ligand_6666,-5.168
ligand_6667,-6.107
ligand_6668,-9.093
ligand_6669,-3.927
ligand_6670,-6.143
ligand_6671,-7.55
ligand_6672,-10.39
ligand_6673,-3.553
ligand_6674,-5.865
ligand_6675,-6.674
ligand_6676,-8.712
ligand_6677,-9.273
ligand_6678,-11.04
ligand_6679,-6.941
ligand_6680,-6.273
ligand_6681,-6.798
ligand_6682,-3.159
ligand_6683,-9.861
ligand_6684,-7.977
ligand_6685,-6.036
ligand_6686,-7.726
ligand_6687,-7.769
ligand_6688,-6.003
ligand_6689,-4.719
ligand_6690,-6.971
ligand_6691,-6.069
ligand_6692,-6.174
ligand_6693,-5.944
ligand_6694,-6.463
ligand_6695,-5.535
ligand_6696,-8.937
ligand_6697,-6.799
ligand_6698,-8.598
ligand_6699,-7.278
ligand_6700,-7.712
ligand_6701,-9.345
ligand_6702,-5.008
ligand_6703,-4.961
ligand_6704,-4.276
ligand_6705,-5.711
ligand_6706,-8.468
ligand_6707,-5.292
ligand_6708,-7.744
ligand_6709,-7.211
ligand_6710,-6.592
ligand_6711,-9.604
ligand_6712,-5.166
ligand_6713,-6.21
ligand_6714,-8.441
ligand_6715,-9.499
ligand_6716,-6.827
ligand_6717,-8.768
ligand_6718,-10.41
ligand_6719,-8.517
ligand_6720,-7.228
ligand_6721,-6.896
ligand_6722,-7.038
ligand_6723,-6.78
ligand_6724,-5.046
ligand_6725,-5.795
ligand_6726,-5.817
ligand_6727,-4.776
ligand_6728,-6.674
ligand_6729,-5.61
ligand_6730,-7.023
ligand_6731,-9.804
ligand_6732,-6.471
ligand_6733,-8.211
ligand_6734,-7.215
ligand_6735,-6.854
ligand_6736,-8.742
ligand_6737,-6.736
ligand_6738,-6.37
ligand_6739,-6.175
ligand_6740,-9.736
ligand_6741,-8.626
ligand_6742,-6.723
ligand_6743,-8.438
ligand_6744,-7.883
ligand_6745,-4.174
ligand_6746,-6.876
ligand_6747,-6.057
ligand_6748,-5.769
ligand_6749,-5.779
ligand_6750,-8.538
ligand_6751,-7.548
ligand_6752,-5.916
ligand_6753,-6.116
ligand_6754,-6.158
ligand_6755,-6.288
ligand_6756,-6.562
ligand_6757,-8.503
ligand_6758,-7.099
ligand_6759,-8.28
ligand_6760,-9.823
ligand_6761,-7.408
ligand_6762,-8.496
ligand_6763,-8.965
ligand_6764,-3.767
ligand_6765,-7.224
ligand_6766,-5.86
ligand_6767,-5.515
ligand_6768,-6.741
ligand_6769,-6.446
ligand_6770,-6.989
ligand_6771,-6.861
ligand_6772,-6.341
ligand_6773,-6.073
ligand_6774,-6.332
ligand_6775,-7.883
ligand_6776,-9.189
ligand_6777,-7.621
ligand_6778,-5.006
ligand_6779,-7.052
ligand_6780,-5.14
ligand_6781,-6.071
ligand_6782,-7.205
ligand_6783,-8.548
ligand_6784,-6.089
ligand_6785,-6.429
ligand_6786,-7.753
ligand_6787,-6.42
ligand_6788,-8.381
ligand_6789,-7.54
ligand_6790,-7.416
ligand_6791,-8.309
ligand_6792,-6.973
ligand_6793,-8.959
ligand_6794,-6.638
ligand_6795,-4.619
ligand_6796,-9.118
ligand_6797,-7.813
ligand_6798,-10.36
ligand_6799,-6.557
ligand_6800,-6.252
ligand_6801,-7.091
ligand_6802,-10.11
ligand_6803,-7.124
ligand_6804,-6.452
ligand_6805,-8.436
ligand_6806,-9.684
ligand_6807,-7.698
ligand_6808,-5.91
ligand_6809,-6.715
ligand_6810,-3.874
ligand_6811,-7.166
ligand_6812,-9.409
ligand_6813,-10.29
ligand_6814,-7.584
ligand_6815,-9.01
ligand_6816,-6.592
ligand_6817,-5.829
ligand_6818,-5.613
ligand_6819,-5.485
ligand_6820,-6.237
ligand_6821,-7.822
ligand_6822,-4.608
ligand_6823,-8.271
ligand_6824,-5.893
ligand_6825,-8.651
ligand_6826,-4.981
ligand_6827,-6.234
ligand_6828,-5.933
ligand_6829,-7.233
ligand_6830,-9.78
ligand_6831,-8.175
ligand_6832,-5.697
ligand_6833,-10.09
ligand_6834,-9.708
ligand_6835,-7.468
ligand_6836,-4.897
ligand_6837,-7.475
ligand_6838,-6.371
ligand_6839,-3.867
ligand_6840,-6.962
ligand_6841,-6.198
ligand_6842,-8.018
ligand_6843,-9.54
ligand_6844,-4.624
ligand_6845,-7.343
ligand_6846,-6.293
ligand_6847,-6.319
ligand_6848,-7.257
ligand_6849,-4.367
ligand_6850,-6.48
ligand_6851,-6.255
ligand_6852,-7.538
ligand_6853,-7.752
ligand_6854,-8.8
ligand_6855,-5.639
ligand_6856,-8.202
ligand_6857,-9.074
ligand_6858,-8.57
ligand_6859,-6.553
ligand_6860,-11
ligand_6861,-5.612
ligand_6862,-3.009
ligand_6863,-3.006
ligand_6864,-7.47
ligand_6865,-4.755
ligand_6866,-8.206
ligand_6867,-8.559
ligand_6868,-6.202
ligand_6869,-6.606
ligand_6870,-8.716
ligand_6871,-9.227
ligand_6872,-7.634
ligand_6873,-6.753
ligand_6874,-10.51
ligand_6875,-6.375
ligand_6876,-8.322
ligand_6877,-8.516
ligand_6878,-9.831
ligand_6879,-5.95
ligand_6880,-7.043
ligand_6881,-8.333
ligand_6882,-9.221
ligand_6883,-6.338
ligand_6884,-9.888
ligand_6885,-3.531
ligand_6886,-9.105
ligand_6887,-7.222
ligand_6888,-5.749
ligand_6889,-6.06
ligand_6890,-6.221
ligand_6891,-7.631
ligand_6892,-7.015
ligand_6893,-7.062
ligand_6894,-7.96
ligand_6895,-9.16
ligand_6896,-8.767
ligand_6897,-7.486
ligand_6898,-6.349
ligand_6899,-3.331
ligand_6900,-6.318
ligand_6901,-5.765
ligand_6902,-6.001
ligand_6903,-7.34
ligand_6904,-6.277
ligand_6905,-7.226
ligand_6906,-6.652
ligand_6907,-9.934
ligand_6908,-4.459
ligand_6909,-5.073
ligand_6910,-5.269
ligand_6911,-8.771
ligand_6912,-6.198
ligand_6913,-6.957
ligand_6914,-6.555
ligand_6915,-7.297
ligand_6916,-7.482
ligand_6917,-9.535
ligand_6918,-9.351
ligand_6919,-5.208
ligand_6920,-7.458
ligand_6921,-8.104
ligand_6922,-6.122
ligand_6923,-6.99
ligand_6924,-4.119
ligand_6925,-9.712
ligand_6926,-4.135
ligand_6927,-5.777
ligand_6928,-6.372
ligand_6929,-5.67
ligand_6930,-7.342
ligand_6931,-6.171
ligand_6932,-6.989
ligand_6933,-8.707
ligand_6934,-9.39
ligand_6935,-8.773
ligand_6936,-7.752
ligand_6937,-7.719
ligand_6938,-6.463
ligand_6939,-6.51
ligand_6940,-7.794
ligand_6941,-8.983
ligand_6942,-9.306
ligand_6943,-6.376
ligand_6944,-6.346
ligand_6945,-6.077
ligand_6946,-5.66
ligand_6947,-2.606
ligand_6948,-6.366
ligand_6949,-8.358
ligand_6950,-5.552
ligand_6951,-7.524
ligand_6952,-8.131
ligand_6953,-8.056
ligand_6954,-8.622
ligand_6955,-5.673
ligand_6956,-5.249
ligand_6957,-6.641
ligand_6958,-8.25
ligand_6959,-6.544
ligand_6960,-4.419
ligand_6961,-5.543
ligand_6962,-8.426
ligand_6963,-5.838
ligand_6964,-7.042
ligand_6965,-9.308
ligand_6966,-5.749
ligand_6967,-7.695
ligand_6968,-8.824
ligand_6969,-3.15
ligand_6970,-6.91
ligand_6971,-5.261
ligand_6972,-6.887
ligand_6973,-8.49
ligand_6974,-6.859
ligand_6975,-6.672
ligand_6976,-5.872
ligand_6977,-6.124
ligand_6978,-10.66
ligand_6979,-5.557
ligand_6980,-4.671
ligand_6981,-8.525
ligand_6982,-8.657
ligand_6983,-8.355
ligand_6984,-8.664
ligand_6985,-7.671
ligand_6986,-5.633
ligand_6987,-7.069
ligand_6988,-6.449
ligand_6989,-6.467
ligand_6990,-8.125
ligand_6991,-8.704
ligand_6992,-6.099
ligand_6993,-9.12
ligand_6994,-8.604
ligand_6995,-8.704
ligand_6996,-8.175
ligand_6997,-7.846
ligand_6998,-8.621
ligand_6999,-3.876
ligand_7000,-9.422
ligand_7001,-4.298
ligand_7002,-6.535
ligand_7003,-2.472
ligand_7004,-4.742
ligand_7005,-6.625
ligand_7006,-3.882
ligand_7007,-9.951
ligand_7008,-4.927
ligand_7009,-4.477
ligand_7010,-6.604
ligand_7011,-5.984
ligand_7012,-4.192
ligand_7013,-5.384
ligand_7014,-8.256
ligand_7015,-9.203
ligand_7016,-8.756
ligand_7017,-10.66
ligand_7018,-6.375
ligand_7019,-6.725
ligand_7020,-6.689
ligand_7021,-8.245
ligand_7022,-7.136
ligand_7023,-5.06
ligand_7024,-5.521
ligand_7025,-6.575
ligand_7026,-10.4
ligand_7027,-6.544
ligand_7028,-5.852
ligand_7029,-6.229
ligand_7030,-8.209
ligand_7031,-5.496
ligand_7032,-8.356
ligand_7033,-7.523
ligand_7034,-9.628
ligand_7035,-6.777
ligand_7036,-8.505
ligand_7037,-6.486
ligand_7038,-6.038
ligand_7039,-8.591
ligand_7040,-6.661
ligand_7041,-5.793
ligand_7042,-4.398
ligand_7043,-6.305
ligand_7044,-9.272
ligand_7045,-6.516
ligand_7046,-6.475
ligand_7047,-6.106
ligand_7048,-8.567
ligand_7049,-7.513
ligand_7050,-6.974
ligand_7051,-5.403
ligand_7052,-7.63
ligand_7053,-7.129
ligand_7054,-5.92
ligand_7055,-7.119
ligand_7056,-6.979
ligand_7057,-8.154
ligand_7058,-7.09
ligand_7059,-5.41
ligand_7060,-7.141
ligand_7061,-8.572
ligand_7062,-8.692
ligand_7063,-9.972
ligand_7064,-10.05
ligand_7065,-9.944
ligand_7066,-7.757
ligand_7067,-7.046
ligand_7068,-7.817
ligand_7069,-8.606
ligand_7070,-5.808
ligand_7071,-9.806
ligand_7072,-9.599
ligand_7073,-6.071
ligand_7074,-7.372
ligand_7075,-6.303
ligand_7076,-6.331
ligand_7077,-8.803
ligand_7078,-9.16
ligand_7079,-7.788
ligand_7080,-8.388
ligand_7081,-7.674
ligand_7082,-6.562
ligand_7083,-6.212
ligand_7084,-5.575
ligand_7085,-4.558
ligand_7086,-7.326
ligand_7087,-8.252
ligand_7088,-6.873
ligand_7089,-7.872
ligand_7090,-8.399
ligand_7091,-5.147
ligand_7092,-3.285
ligand_7093,-9.792
ligand_7094,-7.104
ligand_7095,-6.349
ligand_7096,-5.626
ligand_7097,-8.921
ligand_7098,-9.074
ligand_7099,-7.312
ligand_7100,-8.221
ligand_7101,-5.267
ligand_7102,-9.147
ligand_7103,-7.529
ligand_7104,-4.021
ligand_7105,-9.533
ligand_7106,-4.766
ligand_7107,-6.108
ligand_7108,-7.518
ligand_7109,-6.266
ligand_7110,-7.264
ligand_7111,-6.26
ligand_7112,-8.332
ligand_7113,-8.143
ligand_7114,-8.402
ligand_7115,-6.836
ligand_7116,-7.633
ligand_7117,-7.285
ligand_7118,-10.14
ligand_7119,-8.839
ligand_7120,-7.054
ligand_7121,-6.617
ligand_7122,-10.09
ligand_7123,-8.301
ligand_7124,-8.109
ligand_7125,-6.005
ligand_7126,-6.042
ligand_7127,-6.171
ligand_7128,-6.376
ligand_7129,-8.138
ligand_7130,-3.812
ligand_7131,-6.545
ligand_7132,-10.06
ligand_7133,-8.273
ligand_7134,-5.324
ligand_7135,-8.843
ligand_7136,-9.68
ligand_7137,-6.929
ligand_7138,-6.674
ligand_7139,-5.417
ligand_7140,-8.678
ligand_7141,-10.16
ligand_7142,-8.785
ligand_7143,-8.124
ligand_7144,-6.72
ligand_7145,-7.405
ligand_7146,-7.392
ligand_7147,-5.708
ligand_7148,-3.896
ligand_7149,-7.874
ligand_7150,-7.336
ligand_7151,-10.04
ligand_7152,-10.01
ligand_7153,-8.484
ligand_7154,-5.549
ligand_7155,-10.2
ligand_7156,-9.316
ligand_7157,-8.921
ligand_7158,-9.212
ligand_7159,-7.186
ligand_7160,-8.541
ligand_7161,-9.098
ligand_7162,-6.726
ligand_7163,-8.562
ligand_7164,-6.615
ligand_7165,-6.245
ligand_7166,-7.563
ligand_7167,-4
ligand_7168,-7.85
ligand_7169,-6.604
ligand_7170,-9.43
ligand_7171,-6.674
ligand_7172,-8.905
ligand_7173,-6.996
ligand_7174,-6.132
ligand_7175,-8.919
ligand_7176,-7.547
ligand_7177,-8.428
ligand_7178,-7.693
ligand_7179,-10.55
ligand_7180,-8.888
ligand_7181,-3.721
ligand_7182,-6.123
ligand_7183,-4.864
ligand_7184,-7.187
ligand_7185,-6.13
ligand_7186,-3.588
ligand_7187,-7.687
ligand_7188,-7.189
ligand_7189,-5.486
ligand_7190,-5.431
ligand_7191,-8.207
ligand_7192,-8.081
ligand_7193,-8.271
ligand_7194,-9.875
ligand_7195,-6.757
ligand_7196,-6.313
ligand_7197,-7.261
ligand_7198,-8.867
ligand_7199,-11.19
ligand_7200,-7.164
ligand_7201,-7.577
ligand_7202,-4.038
ligand_7203,-6.486
ligand_7204,-4.672
ligand_7205,-6.43
ligand_7206,-7.977
ligand_7207,-3.966
ligand_7208,-7.728
ligand_7209,-8.943
ligand_7210,-6.846
ligand_7211,-8.329
ligand_7212,-8.08
ligand_7213,-6.575
ligand_7214,-10.05
ligand_7215,-6.816
ligand_7216,-9.76
ligand_7217,-7.435
ligand_7218,-10.18
ligand_7219,-6.98
ligand_7220,-7.496
ligand_7221,-8.321
ligand_7222,-8.792
ligand_7223,-8.434
ligand_7224,-6.071
ligand_7225,-10.71
ligand_7226,-7.245
ligand_7227,-7.875
ligand_7228,-7
ligand_7229,-5.574
ligand_7230,-6.102
ligand_7231,-6.206
ligand_7232,-6.239
ligand_7233,-6.104
ligand_7234,-10.02
ligand_7235,-5.369
ligand_7236,-3.592
ligand_7237,-10.2
ligand_7238,-10.33
ligand_7239,-8.64
ligand_7240,-7.363
ligand_7241,-8.872
ligand_7242,-6.489
ligand_7243,-6.069
ligand_7244,-7.299
ligand_7245,-8.867
ligand_7246,-6.387
ligand_7247,-7.362
ligand_7248,-6.256
ligand_7249,-6.347
ligand_7250,-6.639
ligand_7251,-6.943
ligand_7252,-5.762
ligand_7253,-9.912
ligand_7254,-9.578
ligand_7255,-8.267
ligand_7256,-5.984
ligand_7257,-8.876
ligand_7258,-5.855
ligand_7259,-8.987
ligand_7260,-7.886
ligand_7261,-8.9
ligand_7262,-6.331
ligand_7263,-7.268
ligand_7264,-6.358
ligand_7265,-8.425
ligand_7266,-7.888
ligand_7267,-8.927
ligand_7268,-7.376
ligand_7269,-5.192
ligand_7270,-7.103
ligand_7271,-8.641
ligand_7272,-7.743
ligand_7273,-6.772
ligand_7274,-9.476
ligand_7275,-6.229
ligand_7276,-8.138
ligand_7277,-7.371
ligand_7278,-8.795
ligand_7279,-6.123
ligand_7280,-5.97
ligand_7281,-7.828
ligand_7282,-9.079
ligand_7283,-5.246
ligand_7284,-9.482
ligand_7285,-9.573
ligand_7286,-9.51
ligand_7287,-7.923
ligand_7288,-7.407
ligand_7289,-7.157
ligand_7290,-7.153
ligand_7291,-6.531
ligand_7292,-6.668
ligand_7293,-9.803
ligand_7294,-6.715
ligand_7295,-5.134
ligand_7296,-7.303
ligand_7297,-7.043
ligand_7298,-7.741
ligand_7299,-9.063
ligand_7300,-8.812
ligand_7301,-6.037
ligand_7302,-6.907
ligand_7303,-6.245
ligand_7304,-4.007
ligand_7305,-7.539
ligand_7306,-5.791
ligand_7307,-9.271
ligand_7308,-6.753
ligand_7309,-3.837
ligand_7310,-4.072
ligand_7311,-9.103
ligand_7312,-5.444
ligand_7313,-7.853
ligand_7314,-8.353
ligand_7315,-7.974
ligand_7316,-7.836
ligand_7317,-6.712
ligand_7318,-6.579
ligand_7319,-5.646
ligand_7320,-6.863
ligand_7321,-6.581
ligand_7322,-3.849
ligand_7323,-7.636
ligand_7324,-5.367
ligand_7325,-6.431
ligand_7326,-6.157
ligand_7327,-10.68
ligand_7328,-9.688
ligand_7329,-6.782
ligand_7330,-6.487
ligand_7331,-8.69
ligand_7332,-7.413
ligand_7333,-7.575
ligand_7334,-6.829
ligand_7335,-7.374
ligand_7336,-7.825
ligand_7337,-9.092
ligand_7338,-8.984
ligand_7339,-9.677
ligand_7340,-8.344
ligand_7341,-6.447
ligand_7342,-4.496
ligand_7343,-9.249
ligand_7344,-5.564
ligand_7345,-8.548
ligand_7346,-4.454
ligand_7347,-8.939
ligand_7348,-9.97
ligand_7349,-6.734
ligand_7350,-6.121
ligand_7351,-8.15
ligand_7352,-5.684
ligand_7353,-8.382
ligand_7354,-8.457
ligand_7355,-9.894
ligand_7356,-7.668
ligand_7357,-5.11
ligand_7358,-9.024
ligand_7359,-7.265
ligand_7360,-6.15
ligand_7361,-7.767
ligand_7362,-6.543
ligand_7363,-7.402
ligand_7364,-8.132
ligand_7365,-6.432
ligand_7366,-7.525
ligand_7367,-3.573
ligand_7368,-5.466
ligand_7369,-6.629
ligand_7370,-8.545
ligand_7371,-5.931
ligand_7372,-8.114
ligand_7373,-6.828
ligand_7374,-7.35
ligand_7375,-8.813
ligand_7376,-5.919
ligand_7377,-4.725
ligand_7378,-9.387
ligand_7379,-8.742
ligand_7380,-6.008
ligand_7381,-6.816
ligand_7382,-6.305
ligand_7383,-6.03
ligand_7384,-6.31
ligand_7385,-10.19
ligand_7386,-8.726
ligand_7387,-9.046
ligand_7388,-8.186
ligand_7389,-9.414
ligand_7390,-7.719
ligand_7391,-11.09
ligand_7392,-7.736
ligand_7393,-4.673
ligand_7394,-7.221
ligand_7395,-8.096
ligand_7396,-8.508
ligand_7397,-8.891
ligand_7398,-7.089
ligand_7399,-5.192
ligand_7400,-8.499
ligand_7401,-10.17
ligand_7402,-7.576
ligand_7403,-7.251
ligand_7404,-7.764
ligand_7405,-8.189
ligand_7406,-3.325
ligand_7407,-6.361
ligand_7408,-7.254
ligand_7409,-7.97
ligand_7410,-6.601
ligand_7411,-9.54
ligand_7412,-9.15
ligand_7413,-7.123
ligand_7414,-5.293
ligand_7415,-5.71
ligand_7416,-6.596
ligand_7417,-9.279
ligand_7418,-6.612
ligand_7419,-7.971
ligand_7420,-6.783
ligand_7421,-8.281
ligand_7422,-6.591
ligand_7423,-9.028
ligand_7424,-6.28
ligand_7425,-9.132
ligand_7426,-5.55
ligand_7427,-7.329
ligand_7428,-3.936
ligand_7429,-6.509
ligand_7430,-9.288
ligand_7431,-8.545
ligand_7432,-7.069
ligand_7433,-6.249
ligand_7434,-4.954
ligand_7435,-8.513
ligand_7436,-7.675
ligand_7437,-5.866
ligand_7438,-7.433
ligand_7439,-5.21
ligand_7440,-6.725
ligand_7441,-5.66
ligand_7442,-9.36
ligand_7443,-6.473
ligand_7444,-11.12
ligand_7445,-6.614
ligand_7446,-8.217
ligand_7447,-7.732
ligand_7448,-7.633
ligand_7449,-10.11
ligand_7450,-5.669
ligand_7451,-9.473
ligand_7452,-5.086
ligand_7453,-5.108
ligand_7454,-6.102
ligand_7455,-5.584
ligand_7456,-7.955
ligand_7457,-3.937
ligand_7458,-4.118
ligand_7459,-7.9
ligand_7460,-4.171
ligand_7461,-6.699
ligand_7462,-5.255
ligand_7463,-5.585
ligand_7464,-5.54
ligand_7465,-6.365
ligand_7466,-6.137
ligand_7467,-8.292
ligand_7468,-6.674
ligand_7469,-6.526
ligand_7470,-4.625
ligand_7471,-7.728
ligand_7472,-5.535
ligand_7473,-6.861
ligand_7474,-9.233
ligand_7475,-4.393
ligand_7476,-11.02
ligand_7477,-3.147
ligand_7478,-5.866
ligand_7479,-7.128
ligand_7480,-8.352
ligand_7481,-7.069
ligand_7482,-6.292
ligand_7483,-8.381
ligand_7484,-7.173
ligand_7485,-8.443
ligand_7486,-7.435
ligand_7487,-7.405
ligand_7488,-4.582
ligand_7489,-7.563
ligand_7490,-10.6
ligand_7491,-6.772
ligand_7492,-6.6
ligand_7493,-6.926
ligand_7494,-7.656
ligand_7495,-6.595
ligand_7496,-5.953
ligand_7497,-6.375
ligand_7498,-8.125
ligand_7499,-6.108
ligand_7500,-7.316
ligand_7501,-7.993
ligand_7502,-9.717
ligand_7503,-8.023
ligand_7504,-7.214
ligand_7505,-6.086
ligand_7506,-10.65
ligand_7507,-8.606
ligand_7508,-6.535
ligand_7509,-8.105
ligand_7510,-6.445
ligand_7511,-6.506
ligand_7512,-7.572
ligand_7513,-6.257
ligand_7514,-6.221
ligand_7515,-7.461
ligand_7516,-5.815
ligand_7517,-2.982
ligand_7518,-5.362
ligand_7519,-5.797
ligand_7520,-8.944
ligand_7521,-8.957
ligand_7522,-5.428
ligand_7523,-4.582
ligand_7524,-3.319
ligand_7525,-6.515
ligand_7526,-5.418
ligand_7527,-7.999
ligand_7528,-6.585
ligand_7529,-6.462
ligand_7530,-8.876
ligand_7531,-8.784
ligand_7532,-5.22
ligand_7533,-6.485
ligand_7534,-3.699
ligand_7535,-6.107
ligand_7536,-6.826
ligand_7537,-7.848
ligand_7538,-9.648
ligand_7539,-9.992
ligand_7540,-7.786
ligand_7541,-9.514
ligand_7542,-6.901
ligand_7543,-6.262
ligand_7544,-8.669
ligand_7545,-6.641
ligand_7546,-8.913
ligand_7547,-7.039
ligand_7548,-3.567
ligand_7549,-7.663
ligand_7550,-5.128
ligand_7551,-10.37
ligand_7552,-7.096
ligand_7553,-9.384
ligand_7554,-9.14
ligand_7555,-7.959
ligand_7556,-6.963
ligand_7557,-10.45
ligand_7558,-5.526
ligand_7559,-8.188
ligand_7560,-8.158
ligand_7561,-6.656
ligand_7562,-8.791
ligand_7563,-9.016
ligand_7564,-9.666
ligand_7565,-9.705
ligand_7566,-6.315
ligand_7567,-6.83
ligand_7568,-7.431
ligand_7569,-7.466
ligand_7570,-8.484
ligand_7571,-9.042
ligand_7572,-6.815
ligand_7573,-5.552
ligand_7574,-7.432
ligand_7575,-9.751
ligand_7576,-5.671
ligand_7577,-6.839
ligand_7578,-9.294
ligand_7579,-6.991
ligand_7580,-6.266
ligand_7581,-8.532
ligand_7582,-6.777
ligand_7583,-7.356
ligand_7584,-5.617
ligand_7585,-6.613
ligand_7586,-4.488
ligand_7587,-7.052
ligand_7588,-6.122
ligand_7589,-7.997
ligand_7590,-8.164
ligand_7591,-5.05
ligand_7592,-7.849
ligand_7593,-7.151
ligand_7594,-8.841
ligand_7595,-4.338
ligand_7596,-4.275
ligand_7597,-7.287
ligand_7598,-6.879
ligand_7599,-6.355
ligand_7600,-7.369
ligand_7601,-7.338
ligand_7602,-7.634
ligand_7603,-7.42
ligand_7604,-6.457
ligand_7605,-6.769
ligand_7606,-5.988
ligand_7607,-6.595
ligand_7608,-6.147
ligand_7609,-10.11
ligand_7610,-7.853
ligand_7611,-6.931
ligand_7612,-5.474
ligand_7613,-7.941
ligand_7614,-8.948
ligand_7615,-6.536
ligand_7616,-8.706
ligand_7617,-9.201
ligand_7618,-7.167
ligand_7619,-6.659
ligand_7620,-6.592
ligand_7621,-6.826
ligand_7622,-7.778
ligand_7623,-8.218
ligand_7624,-6.326
ligand_7625,-6.255
ligand_7626,-5.241
ligand_7627,-6.238
ligand_7628,-8.731
ligand_7629,-11.13